id_l,id_r,venue_dLs,venue_NW,venue_tv,venue_oc,venue_cs,venue_bag,year_div,title_dLs,title_NW,title_tv,title_oc,title_cs,title_bag,authors_dLs,authors_NW,authors_tv,authors_oc,authors_cs,authors_bag,label
10,633,0.053333333333333344,0.05333333333333334,0.053333333333333344,1.0,0.2309401076758503,0.053333333333333344,0.999498746867168,0.3431372549019608,0.3725490196078432,0.3490566037735849,0.902439024390244,0.5721497464622817,0.3627450980392157,1.0,1.0,1.0,1.0,1.0,1.0,0
1011,367,0.04347826086956519,0.06521739130434782,0.04166666666666663,0.5,0.1474419561548972,0.04347826086956519,0.999000499750125,0.22580645161290325,0.3064516129032258,0.303030303030303,0.8333333333333334,0.5184758473652127,0.3225806451612904,0.28,0.31,0.28846153846153844,0.8823529411764706,0.5144957554275266,0.30000000000000004,0
1021,836,0.04761904761904767,0.42857142857142855,0.2666666666666666,0.4705882352941176,0.4234048992199705,0.3809523809523809,0.99799899949975,0.2,0.5533333333333333,0.5806451612903226,0.75,0.7348469228349533,0.72,0.35820895522388063,0.5298507462686567,0.746268656716418,1.0,0.8638684255813601,0.7462686567164178,0
1024,1114,0.09523809523809523,0.35714285714285715,0.2592592592592593,0.5384615384615384,0.42365927286816174,0.33333333333333337,0.999498746867168,0.375,0.6071428571428571,0.6153846153846154,0.8163265306122449,0.7636035483212126,0.7142857142857143,0.5490196078431373,0.5980392156862745,0.6346153846153846,0.9705882352941176,0.7924819756063224,0.6470588235294117,0
1029,1813,0.04347826086956519,0.06521739130434782,0.04166666666666663,0.5,0.1474419561548972,0.04347826086956519,0.9994994994994996,0.2753623188405797,0.4855072463768116,0.5194805194805194,0.8333333333333334,0.6950480468569159,0.5797101449275363,0.4615384615384616,0.5846153846153846,0.7076923076923077,1.0,0.8412444993533733,0.7076923076923076,0
1030,1131,0.04761904761904767,0.42857142857142855,0.2666666666666666,0.4705882352941176,0.4234048992199705,0.3809523809523809,0.998998998998999,0.3703703703703704,0.462962962962963,0.4482758620689655,0.8666666666666667,0.6459751934999393,0.4814814814814815,0.3055555555555556,0.5833333333333334,1.0,1.0,1.0,1.0,0
1036,1534,0.21739130434782605,0.3804347826086957,0.3148148148148149,0.68,0.5013026509266503,0.3695652173913043,0.999498746867168,0.2361111111111112,0.5694444444444444,0.5164835164835165,0.7121212121212122,0.6818041524931499,0.6527777777777778,0.5223880597014925,0.6343283582089553,0.8082191780821918,0.9076923076923076,0.894042021733078,0.8805970149253731,0
1050,569,0.058823529411764726,0.14705882352941174,0.05000000000000005,0.25,0.12126781251816655,0.058823529411764726,1.0,0.3950617283950617,0.4259259259259259,0.42168674698795183,0.945945945945946,0.6393293950763894,0.4320987654320988,0.2481203007518797,0.4511278195488722,0.6204379562043796,0.9550561797752808,0.7812645200137546,0.6390977443609023,0
1058,43,0.2608695652173913,0.31521739130434784,0.3404255319148937,0.9411764705882352,0.5721588318817212,0.3478260869565217,1.0,0.9864864864864864,0.9864864864864864,0.9864864864864864,1.0,0.9932202608115112,0.9864864864864864,0.5217391304347826,0.5434782608695652,0.5416666666666666,0.9285714285714286,0.7244616763479587,0.5652173913043479,1
1082,1535,0.2608695652173913,0.31521739130434784,0.3404255319148937,0.9411764705882352,0.5721588318817212,0.3478260869565217,1.0,1.0,1.0,1.0,1.0,1.0,1.0,0.5757575757575757,0.6060606060606061,0.5428571428571428,0.9047619047619048,0.721750317577707,0.5757575757575757,1
1092,1356,0.19047619047619047,0.19047619047619047,0.19047619047619047,1.0,0.4364357804719847,0.19047619047619047,1.0,1.0,1.0,1.0,1.0,1.0,1.0,1.0,1.0,1.0,1.0,1.0,1.0,1
1096,422,0.21739130434782605,0.3804347826086957,0.3148148148148149,0.68,0.5013026509266503,0.3695652173913043,0.9985022466300548,0.2888888888888889,0.37777777777777777,0.4888888888888889,1.0,0.6992058987801011,0.4888888888888889,0.1944444444444444,0.4583333333333333,0.3404255319148937,0.5925925925925926,0.5132002392796673,0.4444444444444444,0
1098,1320,0.04761904761904767,0.42857142857142855,0.2666666666666666,0.4705882352941176,0.4234048992199705,0.3809523809523809,0.9995004995004996,0.4328358208955224,0.4850746268656717,0.4857142857142858,0.9189189189189192,0.6828741196823824,0.5074626865671642,0.3398058252427184,0.5776699029126213,0.6991150442477876,0.8876404494382022,0.8251130873102547,0.7669902912621359,0
1106,1238,0.5348837209302326,0.5581395348837209,0.5111111111111111,0.92,0.7014934235299815,0.5348837209302326,1.0,1.0,1.0,1.0,1.0,1.0,1.0,0.2285714285714285,0.6,1.0,1.0,1.0,1.0,1
1153,1380,0.19047619047619047,0.19047619047619047,0.19047619047619047,1.0,0.4364357804719847,0.19047619047619047,0.9995,0.17567567567567566,0.5472972972972973,0.5888888888888889,0.7681159420289855,0.7417122714471931,0.7162162162162162,1.0,1.0,1.0,1.0,1.0,1.0,0
1160,551,0.7647058823529411,0.7647058823529411,0.7647058823529411,1.0,0.8744746321952062,0.7647058823529411,0.9985007496251874,1.0,1.0,1.0,1.0,1.0,1.0,0.07453416149068326,0.08385093167701864,0.09316770186335399,1.0,0.3052338478336798,0.09316770186335399,0
1164,2173,0.5348837209302326,0.5581395348837209,0.5111111111111111,0.92,0.7014934235299815,0.5348837209302326,0.99900149775337,0.1818181818181817,0.5227272727272727,0.5178571428571429,0.7073170731707317,0.6827783335546161,0.6590909090909092,0.2727272727272727,0.2727272727272727,0.2727272727272727,1.0,0.5222329678670935,0.2727272727272727,0
117,596,0.7647058823529411,0.7647058823529411,0.7647058823529411,1.0,0.8744746321952062,0.7647058823529411,1.0,0.6956521739130435,0.6956521739130435,0.6956521739130435,1.0,0.8340576562282991,0.6956521739130435,1.0,1.0,1.0,1.0,1.0,1.0,1
1179,1861,0.7647058823529411,0.7647058823529411,0.7647058823529411,1.0,0.8744746321952062,0.7647058823529411,0.9989984977466201,0.5774647887323944,0.7464788732394366,0.7,0.8615384615384616,0.8243320287407258,0.7887323943661972,0.18918918918918914,0.2432432432432433,0.2,0.7272727272727273,0.39654527767728776,0.21621621621621626,0
1180,56,0.2608695652173913,0.31521739130434784,0.3404255319148937,0.9411764705882352,0.5721588318817212,0.3478260869565217,1.0,0.8490566037735849,0.8490566037735849,0.8490566037735849,1.0,0.9214426752509268,0.8490566037735849,0.6666666666666667,0.6944444444444444,0.631578947368421,0.9230769230769232,0.7844645405527361,0.6666666666666667,1
1257,2175,0.5348837209302326,0.5581395348837209,0.5111111111111111,0.92,0.7014934235299815,0.5348837209302326,1.0,1.0,1.0,1.0,1.0,1.0,1.0,0.967741935483871,0.9838709677419356,0.9375,0.967741935483871,0.967741935483871,0.967741935483871,1
1291,2109,0.07999999999999996,0.08666666666666667,0.07894736842105265,0.8571428571428571,0.2618614682831908,0.07999999999999996,1.0,1.0,1.0,1.0,1.0,1.0,1.0,1.0,1.0,1.0,1.0,1.0,1.0,1
1296,1694,0.7647058823529411,0.7647058823529411,0.7647058823529411,1.0,0.8744746321952062,0.7647058823529411,0.996003996003996,0.4523809523809523,0.5476190476190477,0.5681818181818182,0.9259259259259259,0.7423923386456233,0.5952380952380952,0.2727272727272727,0.2954545454545455,0.2888888888888889,0.9285714285714286,0.5237849266164972,0.2954545454545454,0
1296,608,0.7647058823529411,0.7647058823529411,0.7647058823529411,1.0,0.8744746321952062,0.7647058823529411,1.0,0.19607843137254896,0.5,0.4761904761904762,0.7142857142857143,0.6482037235521644,0.5882352941176471,0.2727272727272727,0.4431818181818182,0.5106382978723404,0.8888888888888888,0.6963106238227914,0.5454545454545454,0
1298,2270,0.053333333333333344,0.05333333333333334,0.053333333333333344,1.0,0.2309401076758503,0.053333333333333344,0.99700449326011,0.2134831460674157,0.5786516853932584,0.5714285714285714,0.7356321839080459,0.7273196889960367,0.7191011235955056,0.1071428571428571,0.5178571428571429,1.0,1.0,1.0,1.0,0
1302,124,0.058823529411764726,0.2352941176470588,0.09090909090909094,0.2857142857142857,0.1833396994056422,0.11764705882352945,0.9980029955067401,0.19512195121951206,0.5060975609756098,0.4150943396226415,0.6470588235294118,0.5892387424061382,0.5365853658536586,0.4512195121951219,0.4939024390243902,0.4823529411764706,0.9318181818181818,0.6825753371673275,0.5,0
1302,1707,0.058823529411764726,0.2352941176470588,0.09090909090909094,0.2857142857142857,0.1833396994056422,0.11764705882352945,0.9955067398901648,0.14634146341463414,0.17682926829268292,0.19277108433734927,0.9411764705882352,0.4285372672044641,0.19512195121951206,0.2195121951219512,0.3353658536585366,0.4337349397590362,0.972972972972973,0.6535739179184374,0.4390243902439024,0
1306,2051,0.15217391304347827,0.21739130434782608,0.22916666666666666,0.8461538461538461,0.4498234510602419,0.23913043478260865,1.0,0.303030303030303,0.5757575757575758,0.5974025974025974,0.8070175438596491,0.7499778483349284,0.696969696969697,0.6119402985074627,0.6492537313432836,0.6865671641791045,1.0,0.8285934854795229,0.6865671641791045,0
1310,594,0.7647058823529411,0.7647058823529411,0.7647058823529411,1.0,0.8744746321952062,0.7647058823529411,1.0,1.0,1.0,1.0,1.0,1.0,1.0,1.0,1.0,1.0,1.0,1.0,1.0,1
1316,88,0.058823529411764726,0.14705882352941174,0.05000000000000005,0.25,0.12126781251816655,0.058823529411764726,0.9994997498749376,0.17021276595744686,0.4680851063829787,0.4310344827586207,0.6944444444444444,0.6077707979078939,0.5319148936170213,0.3934426229508197,0.4672131147540984,0.46875,0.9090909090909092,0.6686507980379898,0.4918032786885246,0
1334,993,0.19047619047619047,0.19047619047619047,0.19047619047619047,1.0,0.4364357804719847,0.19047619047619047,0.9975037443834248,0.25274725274725274,0.4780219780219781,0.5048543689320388,0.8125,0.6813851438692469,0.5714285714285714,0.2272727272727273,0.5568181818181818,0.7755102040816326,0.8837209302325582,0.8736209307562354,0.8636363636363636,0
1385,127,0.7647058823529411,0.7647058823529411,0.7647058823529411,1.0,0.8744746321952062,0.7647058823529411,1.0,1.0,1.0,1.0,1.0,1.0,1.0,0.4423076923076923,0.5865384615384616,0.6363636363636364,0.9210526315789472,0.7873622236652332,0.6730769230769231,1
1411,1230,0.07999999999999996,0.08666666666666667,0.07894736842105265,0.8571428571428571,0.2618614682831908,0.07999999999999996,1.0,1.0,1.0,1.0,1.0,1.0,1.0,0.390625,0.5625,0.6617647058823529,0.9183673469387756,0.8035714285714286,0.703125,1
1415,37,0.04347826086956519,0.06521739130434782,0.04166666666666663,0.5,0.1474419561548972,0.04347826086956519,0.9974987493746872,0.19402985074626866,0.5223880597014925,0.5949367088607594,0.7966101694915254,0.7475400250463475,0.7014925373134329,0.2222222222222222,0.5555555555555556,0.4489795918367348,0.6285714285714286,0.6197797868009122,0.6111111111111112,0
1419,2173,0.5348837209302326,0.5581395348837209,0.5111111111111111,0.92,0.7014934235299815,0.5348837209302326,1.0,1.0,1.0,1.0,1.0,1.0,1.0,1.0,1.0,1.0,1.0,1.0,1.0,1
1445,1432,0.04761904761904767,0.42857142857142855,0.2666666666666666,0.4705882352941176,0.4234048992199705,0.3809523809523809,0.997997997997998,0.3125,0.45625,0.6097560975609756,0.9615384615384616,0.7752170911825529,0.625,0.15294117647058825,0.5411764705882353,0.4444444444444444,0.6190476190476191,0.6153953888304962,0.611764705882353,0
145,1348,0.04761904761904767,0.42857142857142855,0.2666666666666666,0.4705882352941176,0.4234048992199705,0.3809523809523809,0.9995004995004996,0.2597402597402597,0.4870129870129871,0.65,0.9454545454545454,0.7990549317433248,0.6753246753246753,0.2142857142857143,0.5357142857142857,1.0,1.0,1.0,1.0,0
145,685,0.2608695652173913,0.31521739130434784,0.3404255319148937,0.9411764705882352,0.5721588318817212,0.3478260869565217,1.0,1.0,1.0,1.0,1.0,1.0,1.0,0.2142857142857143,0.5357142857142857,1.0,1.0,1.0,1.0,1
1474,2178,0.7647058823529411,0.7647058823529411,0.7647058823529411,1.0,0.8744746321952062,0.7647058823529411,1.0,1.0,1.0,1.0,1.0,1.0,1.0,0.85,0.85,0.85,1.0,0.9219544457292888,0.85,1
1480,340,0.5348837209302326,0.5581395348837209,0.5111111111111111,0.92,0.7014934235299815,0.5348837209302326,1.0,1.0,1.0,1.0,1.0,1.0,1.0,1.0,1.0,1.0,1.0,1.0,1.0,1
1481,1048,0.19047619047619047,0.19047619047619047,0.19047619047619047,1.0,0.4364357804719847,0.19047619047619047,1.0,1.0,1.0,1.0,1.0,1.0,1.0,1.0,1.0,1.0,1.0,1.0,1.0,1
1489,365,0.2608695652173913,0.31521739130434784,0.3404255319148937,0.9411764705882352,0.5721588318817212,0.3478260869565217,1.0,0.6571428571428571,0.6571428571428571,0.6571428571428571,1.0,0.8106434833777776,0.6571428571428571,1.0,1.0,1.0,1.0,1.0,1.0,1
149,2095,0.2608695652173913,0.31521739130434784,0.3404255319148937,0.9411764705882352,0.5721588318817212,0.3478260869565217,0.9995007488766848,0.23076923076923075,0.4743589743589744,0.4166666666666667,0.6896551724137931,0.5947010334500525,0.5128205128205128,0.5540540540540541,0.5540540540540541,0.5540540540540541,1.0,0.7443480731848872,0.5540540540540541,0
149,6,0.2608695652173913,0.31521739130434784,0.3404255319148937,0.9411764705882352,0.5721588318817212,0.3478260869565217,0.9985014985014984,0.19117647058823528,0.3088235294117647,0.3287671232876712,0.8275862068965517,0.5404528189332539,0.3529411764705882,0.2972972972972973,0.4797297297297297,0.6756756756756757,1.0,0.8219949365267865,0.6756756756756757,0
1541,255,0.2608695652173913,0.31521739130434784,0.3404255319148937,0.9411764705882352,0.5721588318817212,0.3478260869565217,1.0,1.0,1.0,1.0,1.0,1.0,1.0,1.0,1.0,1.0,1.0,1.0,1.0,1
1545,1888,0.7647058823529411,0.7647058823529411,0.7647058823529411,1.0,0.8744746321952062,0.7647058823529411,1.0,1.0,1.0,1.0,1.0,1.0,1.0,1.0,1.0,1.0,1.0,1.0,1.0,1
155,659,0.7647058823529411,0.7647058823529411,0.7647058823529411,1.0,0.8744746321952062,0.7647058823529411,1.0,0.7558139534883721,0.8081395348837209,0.7582417582417582,0.9324324324324323,0.8649360632227279,0.8023255813953488,0.2,0.34,0.19354838709677424,0.5,0.3464101615137753,0.24,1
156,1763,0.7647058823529411,0.7647058823529411,0.7647058823529411,1.0,0.8744746321952062,0.7647058823529411,0.9980009995002501,0.4881889763779528,0.5748031496062992,0.6390977443609023,0.9340659340659341,0.7906720175492918,0.6692913385826771,0.3859649122807017,0.5877192982456141,0.609375,0.8478260869565217,0.7616374026928944,0.6842105263157895,0
158,1870,0.04347826086956519,0.06521739130434782,0.04166666666666663,0.5,0.1474419561548972,0.04347826086956519,0.99949924887331,0.17543859649122806,0.4824561403508772,0.4571428571428571,0.7111111111111111,0.6318388029430319,0.5614035087719298,0.3653846153846154,0.4903846153846154,0.6923076923076923,1.0,0.8320502943378436,0.6923076923076923,0
1584,946,0.19047619047619047,0.19047619047619047,0.19047619047619047,1.0,0.4364357804719847,0.19047619047619047,0.9980009995002501,0.16666666666666666,0.20454545454545456,0.2058823529411764,0.875,0.4308202184276646,0.21212121212121213,0.4716981132075472,0.6981132075471698,0.7894736842105263,0.9183673469387756,0.8830321968130008,0.8490566037735849,0
1587,1613,0.2352941176470589,0.5294117647058824,0.5454545454545454,0.7058823529411765,0.7058823529411765,0.7058823529411764,0.999498746867168,0.4324324324324325,0.7027027027027027,0.5208333333333334,0.6944444444444444,0.6849957804389887,0.6756756756756757,0.3636363636363637,0.5075757575757576,0.5138888888888888,0.8604651162790697,0.6945372265949069,0.5606060606060606,0
1587,1922,0.13953488372093026,0.26744186046511625,0.3043478260869565,0.8235294117647058,0.5178087050187163,0.32558139534883723,0.9984977466199298,0.23684210526315785,0.5394736842105263,0.5625,0.7297297297297297,0.7200640085345977,0.7105263157894737,0.41860465116279066,0.6627906976744186,0.7142857142857143,0.8536585365853658,0.8335696394016967,0.813953488372093,0
1599,1248,0.1333333333333333,0.18,0.17948717948717952,0.8235294117647058,0.3920784235278427,0.18666666666666665,0.9984984984984984,0.15094339622641506,0.5424528301886793,0.7295081967213115,0.8476190476190476,0.8436113700962165,0.8396226415094341,0.3977272727272727,0.5056818181818182,0.5777777777777777,0.9629629629629628,0.7543365091413573,0.5909090909090908,0
1605,642,0.04347826086956519,0.06521739130434782,0.04166666666666663,0.5,0.1474419561548972,0.04347826086956519,0.9995007488766848,0.1818181818181817,0.5378787878787878,0.4659090909090908,0.6507936507936508,0.6358308771056217,0.6212121212121212,0.4081632653061225,0.5306122448979592,0.7222222222222222,0.8863636363636364,0.8399244598951986,0.7959183673469388,0
1607,1926,0.7647058823529411,0.7647058823529411,0.7647058823529411,1.0,0.8744746321952062,0.7647058823529411,0.99899849774662,0.490566037735849,0.6320754716981132,0.5666666666666667,0.8292682926829268,0.729371944238245,0.6415094339622642,1.0,1.0,1.0,1.0,1.0,1.0,0
1608,1002,0.04761904761904767,0.42857142857142855,0.2666666666666666,0.4705882352941176,0.4234048992199705,0.3809523809523809,0.998998998998999,0.2340425531914893,0.39361702127659576,0.5051546391752577,0.9423076923076924,0.7008587204210133,0.5212765957446808,0.372093023255814,0.5930232558139535,0.7065217391304348,0.9154929577464788,0.8318307230351193,0.7558139534883721,0
1608,1037,0.04761904761904767,0.42857142857142855,0.2666666666666666,0.4705882352941176,0.4234048992199705,0.3809523809523809,0.9994992488733101,0.21621621621621626,0.4594594594594595,0.5180722891566265,0.8269230769230769,0.6931878212355981,0.5810810810810811,0.4647887323943662,0.5915492957746479,0.6486486486486487,0.9411764705882352,0.797676825628123,0.676056338028169,0
1609,1396,0.19047619047619047,0.2619047619047619,0.21739130434782605,0.7142857142857143,0.4123930494211613,0.2380952380952381,0.99900149775337,0.17910447761194026,0.5223880597014925,0.5294117647058824,0.7142857142857143,0.6926356448094152,0.6716417910447761,0.23913043478260865,0.4673913043478261,0.5392156862745098,0.8461538461538461,0.7112333251538236,0.5978260869565217,0
1613,725,0.2608695652173913,0.31521739130434784,0.3404255319148937,0.9411764705882352,0.5721588318817212,0.3478260869565217,0.9995007488766848,0.2549019607843137,0.4901960784313725,0.5517241379310345,0.8205128205128205,0.7175176469294,0.6274509803921569,0.1875,0.2708333333333333,0.25,0.7647058823529411,0.4550910273091031,0.27083333333333337,0
162,1600,0.7647058823529411,0.7647058823529411,0.7647058823529411,1.0,0.8744746321952062,0.7647058823529411,1.0,1.0,1.0,1.0,1.0,1.0,1.0,0.7272727272727273,0.75,0.6956521739130435,0.9411764705882352,0.8273403039920306,0.7272727272727273,1
1620,1966,0.04347826086956519,0.06521739130434782,0.04166666666666663,0.5,0.1474419561548972,0.04347826086956519,0.999498997995992,0.2680412371134021,0.4329896907216495,0.4622641509433962,0.8448275862068966,0.6532752670013222,0.5051546391752577,1.0,1.0,1.0,1.0,1.0,1.0,0
1645,564,0.7647058823529411,0.7647058823529411,0.7647058823529411,1.0,0.8744746321952062,0.7647058823529411,1.0,1.0,1.0,1.0,1.0,1.0,1.0,0.18987341772151894,0.18987341772151894,0.18987341772151894,1.0,0.4357446703305951,0.18987341772151894,1
1647,1621,0.2608695652173913,0.31521739130434784,0.3404255319148937,0.9411764705882352,0.5721588318817212,0.3478260869565217,1.0,1.0,1.0,1.0,1.0,1.0,1.0,0.3133333333333333,0.5733333333333334,1.0,1.0,1.0,1.0,1
1710,2136,0.0,0.5,0.0,0.0,0.0,0.0,1.0,1.0,1.0,1.0,1.0,1.0,1.0,0.0,0.022727272727272728,0.0,0.0,0.0,0.0,1
1713,1432,0.04761904761904767,0.42857142857142855,0.2666666666666666,0.4705882352941176,0.4234048992199705,0.3809523809523809,0.9974987493746872,0.3294117647058824,0.4529411764705882,0.5568181818181818,0.9423076923076924,0.7370296260553288,0.5764705882352941,0.2116182572614108,0.2821576763485477,0.3526970954356847,1.0,0.5938830654562265,0.3526970954356846,0
1713,46,0.2608695652173913,0.31521739130434784,0.3404255319148937,0.9411764705882352,0.5721588318817212,0.3478260869565217,1.0,0.9882352941176472,0.9941176470588236,0.9767441860465116,0.9882352941176472,0.9882352941176472,0.9882352941176472,0.17012448132780078,0.1991701244813278,0.22821576763485474,1.0,0.4777193398166488,0.22821576763485474,1
1728,1141,0.19047619047619047,0.19047619047619047,0.19047619047619047,1.0,0.4364357804719847,0.19047619047619047,0.998998998998999,0.2465753424657534,0.410958904109589,0.4375,0.8333333333333334,0.6320944383519236,0.4794520547945206,0.30927835051546393,0.30927835051546393,0.30927835051546393,1.0,0.5561279983200486,0.30927835051546393,0
173,1658,0.7647058823529411,0.7647058823529411,0.7647058823529411,1.0,0.8744746321952062,0.7647058823529411,0.999498997995992,0.18367346938775508,0.2857142857142857,0.28301886792452824,0.7894736842105263,0.4916051440083466,0.30612244897959184,0.4782608695652174,0.4782608695652174,0.4782608695652174,1.0,0.6915640748081247,0.4782608695652174,0
1737,1266,0.053333333333333344,0.05333333333333334,0.053333333333333344,1.0,0.2309401076758503,0.053333333333333344,0.9995,0.3846153846153846,0.5307692307692308,0.6197183098591549,0.88,0.7718110569901857,0.676923076923077,0.3023255813953488,0.6162790697674418,1.0,1.0,1.0,1.0,0
1737,2050,0.04347826086956519,0.06521739130434782,0.04166666666666663,0.5,0.1474419561548972,0.04347826086956519,0.9980029955067401,0.2191780821917808,0.547945205479452,0.5681818181818182,0.7692307692307693,0.7258583814244266,0.6849315068493151,0.4166666666666666,0.6145833333333334,0.6851851851851852,0.8604651162790697,0.8144170883512021,0.7708333333333334,0
1737,818,0.19047619047619047,0.19047619047619047,0.19047619047619047,1.0,0.4364357804719847,0.19047619047619047,1.0,0.23076923076923075,0.4538461538461538,0.5571428571428572,0.8863636363636364,0.7292586522065966,0.6,0.3529411764705882,0.5882352941176471,0.8431372549019608,1.0,0.9182250567818114,0.8431372549019608,0
1737,964,0.19047619047619047,0.19047619047619047,0.19047619047619047,1.0,0.4364357804719847,0.19047619047619047,0.9994997498749376,0.16923076923076918,0.5153846153846153,0.6052631578947368,0.8070175438596491,0.7557248890715544,0.7076923076923076,0.4651162790697675,0.6976744186046512,1.0,1.0,1.0,1.0,0
1738,860,0.19047619047619047,0.19047619047619047,0.19047619047619047,1.0,0.4364357804719847,0.19047619047619047,0.9995002498750624,0.15217391304347827,0.532608695652174,0.4193548387096775,0.6190476190476191,0.5915204817512771,0.5652173913043479,0.3908045977011494,0.4885057471264368,0.5555555555555556,0.9433962264150944,0.7363299120088901,0.5747126436781609,0
1742,47,0.04347826086956519,0.06521739130434782,0.04166666666666663,0.5,0.1474419561548972,0.04347826086956519,0.9980029955067401,0.3508771929824561,0.5701754385964912,0.4782608695652174,0.7333333333333333,0.6515837655350015,0.5789473684210527,0.3793103448275862,0.5862068965517241,0.582089552238806,0.8125,0.7391455924894308,0.6724137931034483,0
1746,82,0.046511627906976716,0.06976744186046513,0.0444444444444444,0.5,0.15249857033260472,0.046511627906976716,0.99799899949975,0.3962264150943397,0.5566037735849056,0.6491228070175439,0.902439024390244,0.7937282922592667,0.6981132075471699,1.0,1.0,1.0,1.0,1.0,1.0,0
1747,2105,0.07999999999999996,0.08666666666666667,0.07894736842105265,0.8571428571428571,0.2618614682831908,0.07999999999999996,1.0,1.0,1.0,1.0,1.0,1.0,1.0,0.90625,0.90625,0.90625,1.0,0.9519716382329884,0.90625,1
1747,866,0.19047619047619047,0.2619047619047619,0.21739130434782605,0.7142857142857143,0.4123930494211613,0.2380952380952381,0.9995002498750624,0.8571428571428572,0.8571428571428571,0.8571428571428571,1.0,0.9258200997725516,0.8571428571428572,0.9375,0.9375,0.9375,1.0,0.968245836551854,0.9375,0
178,606,0.7647058823529411,0.7647058823529411,0.7647058823529411,1.0,0.8744746321952062,0.7647058823529411,1.0,0.3076923076923077,0.3076923076923077,0.3076923076923077,1.0,0.5547001962252289,0.3076923076923077,1.0,1.0,1.0,1.0,1.0,1.0,1
1811,481,0.7647058823529411,0.7647058823529411,0.7647058823529411,1.0,0.8744746321952062,0.7647058823529411,1.0,1.0,1.0,1.0,1.0,1.0,1.0,1.0,1.0,1.0,1.0,1.0,1.0,1
1814,1496,0.2608695652173913,0.31521739130434784,0.3404255319148937,0.9411764705882352,0.5721588318817212,0.3478260869565217,1.0,0.9642857142857144,0.9642857142857144,0.9821428571428572,1.0,0.9910312089651148,0.9821428571428572,0.4285714285714286,0.42857142857142855,0.4285714285714286,1.0,0.6546536707079771,0.4285714285714286,1
1818,194,0.2608695652173913,0.31521739130434784,0.3404255319148937,0.9411764705882352,0.5721588318817212,0.3478260869565217,1.0,1.0,1.0,1.0,1.0,1.0,1.0,1.0,1.0,1.0,1.0,1.0,1.0,1
1850,2225,0.19047619047619047,0.19047619047619047,0.19047619047619047,1.0,0.4364357804719847,0.19047619047619047,1.0,1.0,1.0,1.0,1.0,1.0,1.0,1.0,1.0,1.0,1.0,1.0,1.0,1
1866,249,0.2608695652173913,0.31521739130434784,0.3404255319148937,0.9411764705882352,0.5721588318817212,0.3478260869565217,1.0,1.0,1.0,1.0,1.0,1.0,1.0,1.0,1.0,1.0,1.0,1.0,1.0,1
1872,1155,0.07999999999999996,0.08666666666666667,0.07894736842105265,0.8571428571428571,0.2618614682831908,0.07999999999999996,1.0,0.2210526315789474,0.3105263157894737,0.40625,0.975,0.6326635424099739,0.41052631578947374,0.3076923076923077,0.4134615384615384,0.5192307692307693,1.0,0.7205766921228921,0.5192307692307692,0
1873,2139,0.0,0.2857142857142857,0.0,0.0,0.0,0.0,1.0,0.08982035928143718,0.08982035928143713,0.08982035928143718,1.0,0.2997004492513101,0.08982035928143718,0.0,0.022727272727272728,0.0,0.0,0.0,0.0,0
1875,1239,0.10666666666666667,0.14,0.1578947368421053,0.9230769230769232,0.3843075691322091,0.16000000000000006,0.9995007488766848,0.1636363636363637,0.21818181818181812,0.2727272727272727,1.0,0.5222329678670935,0.2727272727272727,1.0,1.0,1.0,1.0,1.0,1.0,0
1876,79,0.2608695652173913,0.31521739130434784,0.3404255319148937,0.9411764705882352,0.5721588318817212,0.3478260869565217,0.9985022466300548,0.2535211267605634,0.5140845070422535,0.3956043956043955,0.6428571428571429,0.5709253317259961,0.5070422535211268,0.4615384615384616,0.5769230769230769,0.6923076923076923,1.0,0.8320502943378436,0.6923076923076923,0
1882,1592,0.7647058823529411,0.7647058823529411,0.7647058823529411,1.0,0.8744746321952062,0.7647058823529411,0.9984984984984984,0.4761904761904762,0.5714285714285714,0.6956521739130435,0.8888888888888888,0.8229511997978235,0.7619047619047619,0.1875,0.46875,0.2727272727272727,0.5,0.4330127018922194,0.375,0
1902,1552,0.058823529411764726,0.14705882352941174,0.05000000000000005,0.25,0.12126781251816655,0.058823529411764726,0.999498746867168,0.28301886792452835,0.5943396226415094,0.59375,0.7755102040816326,0.7456716328643118,0.7169811320754718,0.2592592592592593,0.2962962962962963,0.3090909090909091,0.9444444444444444,0.5452752542346465,0.3148148148148148,0
1907,1465,0.4,0.6,0.4838709677419355,0.7142857142857143,0.6546536707079771,0.6,0.999498746867168,0.3132530120481928,0.4759036144578313,0.5632183908045977,0.9245283018867924,0.7387867520261251,0.5903614457831325,1.0,1.0,1.0,1.0,1.0,1.0,0
1933,990,0.19047619047619047,0.19047619047619047,0.19047619047619047,1.0,0.4364357804719847,0.19047619047619047,1.0,1.0,1.0,1.0,1.0,1.0,1.0,0.5121951219512195,0.7195121951219512,1.0,1.0,1.0,1.0,1
1977,1909,0.7647058823529411,0.7647058823529411,0.7647058823529411,1.0,0.8744746321952062,0.7647058823529411,1.0,0.5087719298245614,0.5263157894736842,0.5254237288135594,0.9393939393939394,0.7147716126616105,0.543859649122807,0.6842105263157895,0.7105263157894737,0.65,0.9285714285714286,0.7970811413304556,0.6842105263157895,1
1989,1652,0.2608695652173913,0.31521739130434784,0.3404255319148937,0.9411764705882352,0.5721588318817212,0.3478260869565217,1.0,1.0,1.0,1.0,1.0,1.0,1.0,1.0,1.0,1.0,1.0,1.0,1.0,1
2000,1117,0.19047619047619047,0.19047619047619047,0.19047619047619047,1.0,0.4364357804719847,0.19047619047619047,1.0,1.0,1.0,1.0,1.0,1.0,1.0,1.0,1.0,1.0,1.0,1.0,1.0,1
2004,1736,0.7647058823529411,0.7647058823529411,0.7647058823529411,1.0,0.8744746321952062,0.7647058823529411,1.0,0.2108843537414966,0.2108843537414966,0.2108843537414966,1.0,0.4592214648091884,0.2108843537414966,0.9333333333333332,0.9333333333333332,1.0,1.0,1.0,1.0,1
2016,798,0.19047619047619047,0.19047619047619047,0.19047619047619047,1.0,0.4364357804719847,0.19047619047619047,0.9995,0.17567567567567566,0.5472972972972973,0.5888888888888889,0.7681159420289855,0.7417122714471931,0.7162162162162162,0.36,0.57,1.0,1.0,1.0,1.0,0
2017,1738,0.2608695652173913,0.31521739130434784,0.3404255319148937,0.9411764705882352,0.5721588318817212,0.3478260869565217,0.9974987493746872,0.2888888888888889,0.5555555555555556,0.5769230769230769,0.8108108108108109,0.7352146220938077,0.6666666666666667,0.2424242424242425,0.4166666666666667,0.5588235294117647,0.95,0.7395739969534468,0.5757575757575757,0
2034,2050,0.04347826086956519,0.06521739130434782,0.04166666666666663,0.5,0.1474419561548972,0.04347826086956519,0.99900149775337,0.5342465753424658,0.678082191780822,0.6835443037974683,0.9,0.8159371450409242,0.7397260273972603,0.2549019607843137,0.5392156862745098,0.7068965517241379,0.8541666666666666,0.8286633855408044,0.8039215686274509,0
2034,2240,0.058823529411764726,0.14705882352941174,0.05000000000000005,0.25,0.12126781251816655,0.058823529411764726,0.99900149775337,0.18032786885245894,0.5655737704918032,0.5316455696202531,0.7,0.6942385851526506,0.6885245901639344,0.2549019607843137,0.5196078431372549,0.6545454545454545,0.9,0.7970533969860858,0.7058823529411764,0
2081,1915,0.058823529411764726,0.14705882352941174,0.05000000000000005,0.25,0.12126781251816655,0.058823529411764726,0.9984977466199298,0.43181818181818177,0.5,0.5333333333333333,0.96,0.7236272269866326,0.5454545454545454,0.1333333333333333,0.18888888888888888,0.16666666666666666,0.7272727272727273,0.3595732599803958,0.1777777777777778,0
2160,1578,0.7647058823529411,0.7647058823529411,0.7647058823529411,1.0,0.8744746321952062,0.7647058823529411,1.0,0.5081967213114754,0.7377049180327869,0.7536231884057971,0.8666666666666667,0.8595334863794721,0.8524590163934427,0.2051282051282052,0.3205128205128205,0.3023255813953488,0.7647058823529411,0.5048781642974013,0.33333333333333337,0
2160,1614,0.7647058823529411,0.7647058823529411,0.7647058823529411,1.0,0.8744746321952062,0.7647058823529411,1.0,0.5666666666666667,0.7333333333333333,0.6911764705882353,0.8545454545454545,0.8181649829917799,0.7833333333333333,0.045454545454545414,0.4090909090909091,0.11428571428571432,0.2352941176470589,0.20683507599800768,0.1818181818181817,0
2162,1371,0.19047619047619047,0.19047619047619047,0.19047619047619047,1.0,0.4364357804719847,0.19047619047619047,0.999000999000999,0.25,0.5480769230769231,0.5555555555555556,0.7608695652173914,0.7156282175958394,0.6730769230769231,0.2413793103448276,0.25,0.2372881355932204,0.9333333333333332,0.4746444525345672,0.2413793103448276,0
2164,1090,0.04761904761904767,0.42857142857142855,0.2666666666666666,0.4705882352941176,0.4234048992199705,0.3809523809523809,1.0,0.17647058823529416,0.5,0.6103896103896104,0.8392857142857143,0.7616393751737932,0.6911764705882353,0.3043478260869565,0.5289855072463768,0.5974025974025974,0.8518518518518519,0.753592220347252,0.6666666666666667,0
2181,495,0.7647058823529411,0.7647058823529411,0.7647058823529411,1.0,0.8744746321952062,0.7647058823529411,0.999,0.3714285714285713,0.4857142857142857,0.4736842105263157,0.8571428571428571,0.6639400022069858,0.5142857142857142,0.1428571428571429,0.5357142857142857,1.0,1.0,1.0,1.0,0
2185,1363,0.19047619047619047,0.19047619047619047,0.19047619047619047,1.0,0.4364357804719847,0.19047619047619047,0.998,0.25555555555555554,0.3888888888888889,0.4574468085106382,0.9148936170212766,0.6611473657540343,0.4777777777777778,0.6829268292682926,0.6829268292682927,0.6829268292682927,1.0,0.8263938705413374,0.6829268292682926,0
2195,1111,0.04761904761904767,0.42857142857142855,0.2666666666666666,0.4705882352941176,0.4234048992199705,0.3809523809523809,0.9989984977466201,0.3653846153846154,0.4807692307692308,0.5,0.8285714285714286,0.6797704848608184,0.5576923076923077,0.22448979591836726,0.42857142857142855,0.4545454545454546,0.8064516129032258,0.6414475072384818,0.5102040816326531,0
2199,1338,0.19047619047619047,0.19047619047619047,0.19047619047619047,1.0,0.4364357804719847,0.19047619047619047,0.999000499750125,0.3111111111111111,0.4722222222222222,0.53125,0.8947368421052632,0.7120516440958824,0.5666666666666667,0.21052631578947367,0.32894736842105265,0.2727272727272727,0.6666666666666666,0.4588314677411236,0.3157894736842105,0
22,1862,0.7647058823529411,0.7647058823529411,0.7647058823529411,1.0,0.8744746321952062,0.7647058823529411,1.0,1.0,1.0,1.0,1.0,1.0,1.0,0.5,0.6583333333333333,0.9,1.0,0.9486832980505138,0.9,1
22,1866,0.15217391304347827,0.21739130434782608,0.22916666666666666,0.8461538461538461,0.4498234510602419,0.23913043478260865,1.0,0.6326530612244898,0.6938775510204082,0.6226415094339622,0.8918918918918919,0.7750237972966844,0.6734693877551021,0.4029850746268657,0.6417910447761194,0.7887323943661971,0.9333333333333332,0.8832324170271165,0.8358208955223879,0
2205,2042,0.04347826086956519,0.06521739130434782,0.04166666666666663,0.5,0.1474419561548972,0.04347826086956519,0.9960059910134798,0.2647058823529411,0.5,0.6388888888888888,0.92,0.7888934916555407,0.6764705882352942,0.2333333333333333,0.5166666666666667,0.8,1.0,0.8944271909999159,0.8,0
221,248,0.2608695652173913,0.31521739130434784,0.3404255319148937,0.9411764705882352,0.5721588318817212,0.3478260869565217,1.0,1.0,1.0,1.0,1.0,1.0,1.0,0.8947368421052632,0.9473684210526316,0.9,0.9473684210526316,0.9473684210526316,0.9473684210526316,1
2214,1607,0.7647058823529411,0.7647058823529411,0.7647058823529411,1.0,0.8744746321952062,0.7647058823529411,0.999498746867168,0.5348837209302326,0.7325581395348837,0.6470588235294118,0.8048780487804879,0.7859370885787426,0.7674418604651163,1.0,1.0,1.0,1.0,1.0,1.0,0
2244,2234,0.7647058823529411,0.7647058823529411,0.7647058823529411,1.0,0.8744746321952062,0.7647058823529411,1.0,1.0,1.0,1.0,1.0,1.0,1.0,1.0,1.0,1.0,1.0,1.0,1.0,1
225,760,0.2608695652173913,0.31521739130434784,0.3404255319148937,0.9411764705882352,0.5721588318817212,0.3478260869565217,1.0,1.0,1.0,1.0,1.0,1.0,1.0,1.0,1.0,1.0,1.0,1.0,1.0,1
230,192,0.2608695652173913,0.31521739130434784,0.3404255319148937,0.9411764705882352,0.5721588318817212,0.3478260869565217,1.0,1.0,1.0,1.0,1.0,1.0,1.0,0.30188679245283023,0.5566037735849056,0.9433962264150944,1.0,0.971285862357264,0.9433962264150944,1
2309,143,0.04347826086956519,0.06521739130434782,0.04166666666666663,0.5,0.1474419561548972,0.04347826086956519,0.9985007496251874,0.28787878787878785,0.5151515151515151,0.6027397260273972,0.8627450980392157,0.7583952786593614,0.6666666666666667,0.5714285714285714,0.5714285714285714,0.5714285714285714,1.0,0.7559289460184544,0.5714285714285714,0
2310,1035,0.19047619047619047,0.19047619047619047,0.19047619047619047,1.0,0.4364357804719847,0.19047619047619047,0.9989984977466201,0.2323232323232324,0.3080808080808081,0.3564356435643564,0.9473684210526316,0.5869391856534222,0.3636363636363637,0.40909090909090906,0.553030303030303,0.7945205479452054,0.8923076923076924,0.8855219840010659,0.8787878787878788,0
2312,487,0.7647058823529411,0.7647058823529411,0.7647058823529411,1.0,0.8744746321952062,0.7647058823529411,1.0,1.0,1.0,1.0,1.0,1.0,1.0,1.0,1.0,1.0,1.0,1.0,1.0,1
2313,237,0.7647058823529411,0.7647058823529411,0.7647058823529411,1.0,0.8744746321952062,0.7647058823529411,1.0,0.1914893617021277,0.5531914893617021,0.4285714285714286,0.627906976744186,0.6005934719551743,0.5744680851063829,0.2727272727272727,0.4886363636363637,0.5510204081632653,0.84375,0.7195524177001852,0.6136363636363636,0
2319,631,0.1333333333333333,0.18,0.17948717948717952,0.8235294117647058,0.3920784235278427,0.18666666666666665,0.9960059910134798,0.2777777777777778,0.5370370370370371,0.5806451612903226,0.8181818181818182,0.7385489458759964,0.6666666666666667,0.3114754098360656,0.459016393442623,0.65625,0.9333333333333332,0.8016376680394155,0.6885245901639344,0
2321,1195,0.07999999999999996,0.08666666666666667,0.07894736842105265,0.8571428571428571,0.2618614682831908,0.07999999999999996,0.99949924887331,0.17307692307692313,0.5288461538461539,0.65,0.8297872340425532,0.7888855592111665,0.75,0.5135135135135135,0.5135135135135135,0.5135135135135135,1.0,0.7165985720844785,0.5135135135135135,0
2327,3,0.15217391304347827,0.21739130434782608,0.22916666666666666,0.8461538461538461,0.4498234510602419,0.23913043478260865,0.999000499750125,0.2021276595744681,0.3138297872340425,0.3400000000000001,0.85,0.5544788620954259,0.3617021276595744,0.3306451612903226,0.3629032258064516,0.384,0.9795918367346941,0.6157896069489425,0.3870967741935484,0
2368,925,0.7647058823529411,0.7647058823529411,0.7647058823529411,1.0,0.8744746321952062,0.7647058823529411,1.0,0.13043478260869568,0.4565217391304348,0.4,0.631578947368421,0.5740378478819278,0.5217391304347826,1.0,1.0,1.0,1.0,1.0,1.0,1
2407,113,0.7647058823529411,0.7647058823529411,0.7647058823529411,1.0,0.8744746321952062,0.7647058823529411,1.0,1.0,1.0,1.0,1.0,1.0,1.0,0.302158273381295,0.564748201438849,0.8428571428571429,0.9915966386554622,0.9174895500996441,0.8489208633093526,1
2448,1790,0.2608695652173913,0.31521739130434784,0.3404255319148937,0.9411764705882352,0.5721588318817212,0.3478260869565217,0.9994997498749376,0.4743589743589744,0.5769230769230769,0.5647058823529412,0.8727272727272727,0.7328457798629511,0.6153846153846154,0.4666666666666667,0.6583333333333333,0.8307692307692308,0.9152542372881356,0.9075950713612994,0.9,0
2450,1401,0.04761904761904767,0.42857142857142855,0.2666666666666666,0.4705882352941176,0.4234048992199705,0.3809523809523809,0.9995,0.6447368421052632,0.7763157894736842,0.7590361445783133,0.9,0.8637433829436537,0.8289473684210527,1.0,1.0,1.0,1.0,1.0,1.0,0
2455,570,0.7647058823529411,0.7647058823529411,0.7647058823529411,1.0,0.8744746321952062,0.7647058823529411,1.0,1.0,1.0,1.0,1.0,1.0,1.0,1.0,1.0,1.0,1.0,1.0,1.0,1
246,1497,0.2608695652173913,0.31521739130434784,0.3404255319148937,0.9411764705882352,0.5721588318817212,0.3478260869565217,1.0,1.0,1.0,1.0,1.0,1.0,1.0,1.0,1.0,1.0,1.0,1.0,1.0,1
2465,954,0.04761904761904767,0.42857142857142855,0.2666666666666666,0.4705882352941176,0.4234048992199705,0.3809523809523809,0.9994994994994996,0.30508474576271183,0.5423728813559322,0.6212121212121212,0.8541666666666666,0.7704371787028996,0.6949152542372881,0.5,0.671875,0.5384615384615384,0.75,0.701560760020114,0.65625,0
2477,155,0.15217391304347827,0.21739130434782608,0.22916666666666666,0.8461538461538461,0.4498234510602419,0.23913043478260865,1.0,0.26530612244897955,0.4693877551020408,0.4576271186440678,0.7297297297297297,0.6341103796063782,0.5510204081632653,0.4,0.4,0.4,1.0,0.6324555320336759,0.4,0
249,1806,0.2608695652173913,0.31521739130434784,0.3404255319148937,0.9411764705882352,0.5721588318817212,0.3478260869565217,1.0,1.0,1.0,1.0,1.0,1.0,1.0,0.6842105263157895,0.7368421052631579,0.6190476190476191,0.8666666666666667,0.7700535410868199,0.6842105263157895,1
2490,280,0.04347826086956519,0.06521739130434782,0.04166666666666663,0.5,0.1474419561548972,0.04347826086956519,0.9980009995002501,0.6388888888888888,0.7847222222222222,0.7317073170731707,0.8571428571428571,0.8451542547285166,0.8333333333333334,0.62,0.65,0.7058823529411765,0.972972972972973,0.8369829989554988,0.72,0
25,831,0.19047619047619047,0.19047619047619047,0.19047619047619047,1.0,0.4364357804719847,0.19047619047619047,1.0,0.19277108433734927,0.3373493975903614,0.3932584269662922,0.8536585365853658,0.5999804091228133,0.42168674698795183,0.2756410256410257,0.5192307692307693,0.6586826347305389,0.9090909090909092,0.8006407690254357,0.7051282051282051,0
2502,1278,0.07999999999999996,0.08666666666666667,0.07894736842105265,0.8571428571428571,0.2618614682831908,0.07999999999999996,1.0,0.8823529411764706,0.8823529411764706,0.8823529411764706,1.0,0.939336436627724,0.8823529411764706,0.3833333333333333,0.6583333333333333,0.803030303030303,0.8983050847457628,0.8907877552249791,0.8833333333333333,1
2518,1413,0.19047619047619047,0.19047619047619047,0.19047619047619047,1.0,0.4364357804719847,0.19047619047619047,1.0,1.0,1.0,1.0,1.0,1.0,1.0,1.0,1.0,1.0,1.0,1.0,1.0,1
2534,36,0.04347826086956519,0.06521739130434782,0.04166666666666663,0.5,0.1474419561548972,0.04347826086956519,0.9995,0.23456790123456794,0.3271604938271605,0.3647058823529412,0.8857142857142857,0.5822173754796447,0.3827160493827161,0.2465753424657534,0.2465753424657534,0.2465753424657534,1.0,0.4965635331614208,0.2465753424657534,0
2578,1848,0.2608695652173913,0.31521739130434784,0.3404255319148937,0.9411764705882352,0.5721588318817212,0.3478260869565217,1.0,0.8070175438596492,0.8070175438596491,0.8070175438596491,1.0,0.8983415518941831,0.8070175438596492,1.0,1.0,1.0,1.0,1.0,1.0,1
2593,1485,0.19047619047619047,0.19047619047619047,0.19047619047619047,1.0,0.4364357804719847,0.19047619047619047,0.997997997997998,0.16326530612244894,0.4795918367346938,0.543859649122807,0.7948717948717948,0.7091389668511001,0.6326530612244898,0.3076923076923077,0.4871794871794872,0.4680851063829787,0.7333333333333333,0.6431758808251546,0.5641025641025641,0
2601,527,0.7647058823529411,0.7647058823529411,0.7647058823529411,1.0,0.8744746321952062,0.7647058823529411,1.0,1.0,1.0,1.0,1.0,1.0,1.0,0.19047619047619047,0.5476190476190477,0.5443037974683544,0.7288135593220338,0.7052972248706761,0.6825396825396826,0
2601,649,0.7647058823529411,0.7647058823529411,0.7647058823529411,1.0,0.8744746321952062,0.7647058823529411,1.0,1.0,1.0,1.0,1.0,1.0,1.0,0.2380952380952381,0.2380952380952381,0.2380952380952381,1.0,0.4879500364742666,0.2380952380952381,1
2602,1648,0.15217391304347827,0.21739130434782608,0.22916666666666666,0.8461538461538461,0.4498234510602419,0.23913043478260865,0.999498746867168,0.2941176470588235,0.5147058823529411,0.5128205128205128,0.8,0.6859943405700354,0.5882352941176471,0.32352941176470584,0.5352941176470588,0.6629834254143646,0.916030534351145,0.8041205064875223,0.7058823529411764,0
2604,1713,0.04347826086956519,0.06521739130434782,0.04166666666666663,0.5,0.1474419561548972,0.04347826086956519,0.9965017491254372,0.15384615384615385,0.4615384615384616,0.5245901639344263,0.7804878048780488,0.693036930918736,0.6153846153846154,0.2,0.5230769230769231,0.4352941176470588,0.6491228070175439,0.6078656716445112,0.5692307692307692,0
2606,1477,0.19047619047619047,0.2619047619047619,0.21739130434782605,0.7142857142857143,0.4123930494211613,0.2380952380952381,0.9989984977466201,0.22388059701492533,0.3955223880597015,0.381578947368421,0.7631578947368421,0.5747365255848281,0.4328358208955224,0.3636363636363637,0.5606060606060606,0.7575757575757576,1.0,0.8703882797784892,0.7575757575757576,0
2608,553,0.7647058823529411,0.7647058823529411,0.7647058823529411,1.0,0.8744746321952062,0.7647058823529411,1.0,0.2666666666666667,0.5666666666666667,0.7294117647058823,0.8611111111111112,0.8437131336253169,0.8266666666666667,0.2321428571428571,0.2857142857142857,0.20967741935483875,0.6842105263157895,0.3985405706652279,0.2321428571428571,0
265,1661,0.5348837209302326,0.5581395348837209,0.5111111111111111,0.92,0.7014934235299815,0.5348837209302326,1.0,1.0,1.0,1.0,1.0,1.0,1.0,1.0,1.0,1.0,1.0,1.0,1.0,1
266,118,0.7647058823529411,0.7647058823529411,0.7647058823529411,1.0,0.8744746321952062,0.7647058823529411,1.0,0.4508196721311475,0.4508196721311475,0.4508196721311475,1.0,0.6714310628286031,0.4508196721311475,0.27586206896551724,0.5,0.7,0.9545454545454546,0.8313979615881406,0.7241379310344828,1
292,208,0.2608695652173913,0.31521739130434784,0.3404255319148937,0.9411764705882352,0.5721588318817212,0.3478260869565217,0.9985014985014984,0.6111111111111112,0.6666666666666666,0.6785714285714286,0.95,0.8176298175326769,0.7037037037037037,0.26582278481012656,0.5886075949367089,0.6210526315789474,0.7866666666666666,0.7664923669047244,0.7468354430379747,0
294,2151,0.058823529411764726,0.14705882352941174,0.05000000000000005,0.25,0.12126781251816655,0.058823529411764726,1.0,0.2475247524752475,0.5396039603960396,0.5897435897435898,0.8117647058823529,0.7446958626050056,0.6831683168316831,0.5294117647058824,0.6470588235294118,0.5254237288135594,0.7948717948717948,0.6950952204628562,0.607843137254902,0
304,551,0.7647058823529411,0.7647058823529411,0.7647058823529411,1.0,0.8744746321952062,0.7647058823529411,1.0,1.0,1.0,1.0,1.0,1.0,1.0,0.17647058823529416,0.17647058823529413,0.17647058823529416,1.0,0.42008402520840304,0.17647058823529416,1
306,2155,0.04761904761904767,0.42857142857142855,0.2666666666666666,0.4705882352941176,0.4234048992199705,0.3809523809523809,0.999498997995992,0.33333333333333337,0.5833333333333334,0.6363636363636364,0.8333333333333334,0.7795119555779044,0.7291666666666667,0.2142857142857143,0.5357142857142857,0.5,0.6923076923076923,0.6671243849949909,0.6428571428571428,0
307,2161,0.19047619047619047,0.19047619047619047,0.19047619047619047,1.0,0.4364357804719847,0.19047619047619047,1.0,1.0,1.0,1.0,1.0,1.0,1.0,1.0,1.0,1.0,1.0,1.0,1.0,1
315,410,0.04347826086956519,0.06521739130434782,0.04166666666666663,0.5,0.1474419561548972,0.04347826086956519,0.9995002498750624,0.2586206896551724,0.456896551724138,0.5483870967741935,0.8947368421052632,0.7242243488319184,0.5862068965517242,0.34883720930232553,0.5232558139534884,0.7093023255813954,1.0,0.8422008819642707,0.7093023255813953,0
382,2058,0.2608695652173913,0.31521739130434784,0.3404255319148937,0.9411764705882352,0.5721588318817212,0.3478260869565217,1.0,0.6440677966101696,0.7203389830508474,0.7833333333333333,0.9791666666666666,0.8831840829033241,0.7966101694915254,1.0,1.0,1.0,1.0,1.0,1.0,1
392,1768,0.7647058823529411,0.7647058823529411,0.7647058823529411,1.0,0.8744746321952062,0.7647058823529411,1.0,1.0,1.0,1.0,1.0,1.0,1.0,1.0,1.0,1.0,1.0,1.0,1.0,1
432,1254,0.1333333333333333,0.18,0.17948717948717952,0.8235294117647058,0.3920784235278427,0.18666666666666665,0.9994997498749376,0.27380952380952384,0.5476190476190477,0.6421052631578947,0.8472222222222222,0.7843753623073005,0.7261904761904762,0.2142857142857143,0.5714285714285714,1.0,1.0,1.0,1.0,0
433,1439,0.09523809523809523,0.35714285714285715,0.2592592592592593,0.5384615384615384,0.42365927286816174,0.33333333333333337,0.9965034965034965,0.2385321100917432,0.4678899082568808,0.5897435897435898,0.8961038961038961,0.7531656057227725,0.6330275229357798,0.43333333333333335,0.5111111111111111,0.5591397849462365,0.9454545454545454,0.7390958166994496,0.5777777777777777,0
433,2221,0.09523809523809523,0.35714285714285715,0.2592592592592593,0.5384615384615384,0.42365927286816174,0.33333333333333337,0.996003996003996,0.2844036697247706,0.4403669724770641,0.5217391304347826,0.9090909090909092,0.7074015932824028,0.5504587155963303,0.3888888888888888,0.42777777777777776,0.4193548387096775,0.9285714285714286,0.6343350474165466,0.43333333333333335,0
439,1659,0.7647058823529411,0.7647058823529411,0.7647058823529411,1.0,0.8744746321952062,0.7647058823529411,1.0,0.35593220338983056,0.4576271186440678,0.559322033898305,1.0,0.7478783550139053,0.5593220338983051,0.16000000000000006,0.3,0.2,0.5454545454545454,0.3618136134933163,0.24,0
441,788,0.19047619047619047,0.19047619047619047,0.19047619047619047,1.0,0.4364357804719847,0.19047619047619047,0.9995,0.1914893617021277,0.5531914893617021,0.4761904761904762,0.6521739130434783,0.6451985904290104,0.6382978723404256,0.6829268292682926,0.6829268292682927,0.6829268292682927,1.0,0.8263938705413374,0.6829268292682926,0
443,1935,0.2608695652173913,0.31521739130434784,0.3404255319148937,0.9411764705882352,0.5721588318817212,0.3478260869565217,0.99949924887331,0.3859649122807017,0.5964912280701754,0.7166666666666667,0.9347826086956522,0.839754059379345,0.7543859649122807,0.5657894736842105,0.5657894736842105,0.5657894736842105,1.0,0.7521897856819185,0.5657894736842105,0
449,586,0.07999999999999996,0.08666666666666667,0.07894736842105265,0.8571428571428571,0.2618614682831908,0.07999999999999996,1.0,1.0,1.0,1.0,1.0,1.0,1.0,1.0,1.0,1.0,1.0,1.0,1.0,1
456,941,0.19047619047619047,0.19047619047619047,0.19047619047619047,1.0,0.4364357804719847,0.19047619047619047,1.0,1.0,1.0,1.0,1.0,1.0,1.0,0.6521739130434783,0.7934782608695652,1.0,1.0,1.0,1.0,1
474,341,0.046511627906976716,0.06976744186046513,0.0444444444444444,0.5,0.15249857033260472,0.046511627906976716,1.0,0.25,0.42857142857142855,0.5697674418604651,0.9607843137254902,0.7486371059063726,0.5833333333333333,0.1818181818181817,0.4848484848484849,0.5789473684210527,0.8148148148148148,0.7370277311900888,0.6666666666666667,0
48,360,0.2608695652173913,0.31521739130434784,0.3404255319148937,0.9411764705882352,0.5721588318817212,0.3478260869565217,1.0,0.5696202531645569,0.6772151898734177,0.8372093023255814,0.9113924050632912,0.9113924050632912,0.9113924050632912,0.12621359223300976,0.13106796116504854,0.125,0.9285714285714286,0.3423424245473201,0.12621359223300976,1
492,2112,0.07999999999999996,0.08666666666666667,0.07894736842105265,0.8571428571428571,0.2618614682831908,0.07999999999999996,1.0,1.0,1.0,1.0,1.0,1.0,1.0,0.6666666666666667,0.6944444444444444,0.631578947368421,0.9230769230769232,0.7844645405527361,0.6666666666666667,1
55,1694,0.7647058823529411,0.7647058823529411,0.7647058823529411,1.0,0.8744746321952062,0.7647058823529411,1.0,1.0,1.0,1.0,1.0,1.0,1.0,1.0,1.0,1.0,1.0,1.0,1.0,1
565,279,0.04347826086956519,0.06521739130434782,0.04166666666666663,0.5,0.1474419561548972,0.04347826086956519,0.9980009995002501,0.2727272727272727,0.6,0.6615384615384615,0.8113207547169812,0.7964328705698839,0.7818181818181819,0.3934426229508197,0.5081967213114754,0.4225352112676056,0.75,0.607332247634187,0.4918032786885246,0
575,527,0.7647058823529411,0.7647058823529411,0.7647058823529411,1.0,0.8744746321952062,0.7647058823529411,1.0,1.0,1.0,1.0,1.0,1.0,1.0,0.3142857142857143,0.5571428571428572,0.7671232876712328,0.9491525423728814,0.8713908617252679,0.8,1
576,1218,0.1333333333333333,0.18,0.17948717948717952,0.8235294117647058,0.3920784235278427,0.18666666666666665,0.999000999000999,0.26041666666666663,0.4375,0.5757575757575758,0.95,0.7510409442899901,0.59375,0.35365853658536583,0.5182926829268293,0.6896551724137931,0.9230769230769232,0.8218407016184907,0.7317073170731707,0
578,1359,0.4,0.6,0.4838709677419355,0.7142857142857143,0.6546536707079771,0.6,0.9985022466300548,0.3529411764705882,0.4529411764705882,0.4301075268817205,0.8333333333333334,0.6262242910851495,0.4705882352941176,0.3866666666666667,0.38666666666666666,0.3866666666666667,1.0,0.621825270205921,0.3866666666666667,0
578,460,0.5348837209302326,0.5581395348837209,0.5111111111111111,0.92,0.7014934235299815,0.5348837209302326,0.9985022466300548,0.36585365853658536,0.475609756097561,0.4772727272727273,0.875,0.6694555487165051,0.5121951219512195,0.3866666666666667,0.38666666666666666,0.3866666666666667,1.0,0.621825270205921,0.3866666666666667,0
581,267,0.2608695652173913,0.31521739130434784,0.3404255319148937,0.9411764705882352,0.5721588318817212,0.3478260869565217,1.0,1.0,1.0,1.0,1.0,1.0,1.0,0.19047619047619047,0.5476190476190477,1.0,1.0,1.0,1.0,1
593,1740,0.2608695652173913,0.31521739130434784,0.3404255319148937,0.9411764705882352,0.5721588318817212,0.3478260869565217,1.0,0.6913580246913579,0.6913580246913579,0.6913580246913579,1.0,0.8314794192830981,0.6913580246913579,1.0,1.0,1.0,1.0,1.0,1.0,1
598,2210,0.7647058823529411,0.7647058823529411,0.7647058823529411,1.0,0.8744746321952062,0.7647058823529411,0.9975037443834248,0.4795918367346938,0.6683673469387755,0.6851851851851852,0.8809523809523809,0.8156034212282002,0.7551020408163265,0.25,0.5,0.5753424657534246,0.8235294117647058,0.7351470441147051,0.65625,0
614,989,0.04761904761904767,0.42857142857142855,0.2666666666666666,0.4705882352941176,0.4234048992199705,0.3809523809523809,0.9994997498749376,0.18000000000000005,0.54,0.5396825396825397,0.7234042553191491,0.7013664474559795,0.6799999999999999,0.3114754098360656,0.4262295081967213,0.46875,0.9090909090909092,0.6686507980379898,0.4918032786885246,0
620,339,0.5348837209302326,0.5581395348837209,0.5111111111111111,0.92,0.7014934235299815,0.5348837209302326,1.0,1.0,1.0,1.0,1.0,1.0,1.0,0.1515151515151515,0.5454545454545454,1.0,1.0,1.0,1.0,1
664,1283,0.19047619047619047,0.19047619047619047,0.19047619047619047,1.0,0.4364357804719847,0.19047619047619047,0.9975012493753124,0.35,0.5875,0.6170212765957447,0.8055555555555556,0.7642171012073583,0.725,0.3148148148148148,0.6111111111111112,0.7213114754098361,0.8627450980392157,0.8384375273633765,0.8148148148148149,0
666,588,0.07999999999999996,0.08666666666666667,0.07894736842105265,0.8571428571428571,0.2618614682831908,0.07999999999999996,1.0,0.4712643678160919,0.4712643678160919,0.4712643678160919,1.0,0.6864869757075454,0.4712643678160919,0.0,0.045454545454545456,0.0,0.0,0.0,0.0,1
681,2073,0.5348837209302326,0.5581395348837209,0.5111111111111111,0.92,0.7014934235299815,0.5348837209302326,1.0,1.0,1.0,1.0,1.0,1.0,1.0,1.0,1.0,1.0,1.0,1.0,1.0,1
687,1855,0.2608695652173913,0.31521739130434784,0.3404255319148937,0.9411764705882352,0.5721588318817212,0.3478260869565217,1.0,0.8181818181818181,0.8181818181818182,0.8181818181818182,1.0,0.9045340337332908,0.8181818181818181,1.0,1.0,1.0,1.0,1.0,1.0,1
692,1761,0.7647058823529411,0.7647058823529411,0.7647058823529411,1.0,0.8744746321952062,0.7647058823529411,1.0,1.0,1.0,1.0,1.0,1.0,1.0,1.0,1.0,1.0,1.0,1.0,1.0,1
715,195,0.15217391304347827,0.21739130434782608,0.22916666666666666,0.8461538461538461,0.4498234510602419,0.23913043478260865,0.9995,0.2,0.5,0.6153846153846154,0.8205128205128205,0.7638558656420618,0.7111111111111111,0.125,0.1597222222222222,0.17808219178082196,0.9285714285714286,0.4094615124266627,0.1805555555555556,0
718,2104,0.07999999999999996,0.08666666666666667,0.07894736842105265,0.8571428571428571,0.2618614682831908,0.07999999999999996,1.0,1.0,1.0,1.0,1.0,1.0,1.0,0.4084507042253521,0.6338028169014085,0.9577464788732394,1.0,0.9786452262557864,0.9577464788732396,1
720,1140,0.19047619047619047,0.2619047619047619,0.21739130434782605,0.7142857142857143,0.4123930494211613,0.2380952380952381,0.998998998998999,0.21698113207547165,0.33962264150943394,0.4220183486238532,0.9387755102040816,0.6382735666919165,0.4339622641509434,0.2413793103448276,0.27586206896551724,0.22580645161290325,0.7777777777777778,0.433289122413121,0.2413793103448276,0
730,741,0.7647058823529411,0.7647058823529411,0.7647058823529411,1.0,0.8744746321952062,0.7647058823529411,1.0,0.6736842105263158,0.7105263157894737,0.6767676767676768,0.943661971830986,0.8158002342722729,0.7052631578947368,1.0,1.0,1.0,1.0,1.0,1.0,1
735,93,0.058823529411764726,0.14705882352941174,0.05000000000000005,0.25,0.12126781251816655,0.058823529411764726,0.999000499750125,0.28395061728395066,0.4320987654320987,0.5058823529411764,0.9148936170212766,0.6969105149343849,0.5308641975308642,0.20353982300884954,0.22123893805309736,0.2389380530973452,1.0,0.4888129019342116,0.2389380530973452,0
736,1300,0.19047619047619047,0.19047619047619047,0.19047619047619047,1.0,0.4364357804719847,0.19047619047619047,1.0,0.2340425531914893,0.4095744680851064,0.4326923076923077,0.8181818181818182,0.6258456561324098,0.4787234042553191,0.12903225806451613,0.532258064516129,0.8507462686567164,0.9193548387096774,0.9193548387096774,0.9193548387096774,0
778,1751,0.7647058823529411,0.7647058823529411,0.7647058823529411,1.0,0.8744746321952062,0.7647058823529411,1.0,0.9761904761904762,0.9761904761904762,0.9761904761904762,1.0,0.9880235200593538,0.9761904761904762,0.3921568627450981,0.6568627450980392,0.9615384615384616,0.9803921568627452,0.9803921568627452,0.9803921568627452,1
781,597,0.7647058823529411,0.7647058823529411,0.7647058823529411,1.0,0.8744746321952062,0.7647058823529411,1.0,0.3831775700934579,0.411214953271028,0.3873873873873874,0.9148936170212766,0.6063559419480057,0.4018691588785047,1.0,1.0,1.0,1.0,1.0,1.0,1
865,82,0.5348837209302326,0.5581395348837209,0.5111111111111111,0.92,0.7014934235299815,0.5348837209302326,1.0,1.0,1.0,1.0,1.0,1.0,1.0,1.0,1.0,1.0,1.0,1.0,1.0,1
878,1470,0.19047619047619047,0.19047619047619047,0.19047619047619047,1.0,0.4364357804719847,0.19047619047619047,0.9970014992503748,0.40909090909090906,0.6136363636363636,0.6986301369863014,0.8793103448275862,0.8242979343899258,0.7727272727272727,0.29032258064516125,0.5645161290322581,1.0,1.0,1.0,1.0,0
887,2081,0.2608695652173913,0.31521739130434784,0.3404255319148937,0.9411764705882352,0.5721588318817212,0.3478260869565217,1.0,0.25,0.6,0.6619718309859155,0.8103448275862069,0.7967246167544523,0.7833333333333333,0.5121951219512195,0.6341463414634146,1.0,1.0,1.0,1.0,0
893,1187,0.10666666666666667,0.14,0.1578947368421053,0.9230769230769232,0.3843075691322091,0.16000000000000006,0.9995004995004996,0.52,0.7,0.6101694915254238,0.8,0.7589466384404111,0.72,0.17543859649122806,0.543859649122807,0.4285714285714286,0.6226415094339622,0.6003970880646445,0.5789473684210527,0
897,1884,0.2352941176470589,0.5294117647058824,0.5454545454545454,0.7058823529411765,0.7058823529411765,0.7058823529411764,0.9965052421367948,0.2363636363636364,0.41818181818181815,0.4666666666666667,0.8484848484848485,0.6572335375382283,0.509090909090909,1.0,1.0,1.0,1.0,1.0,1.0,0
909,1756,0.7647058823529411,0.7647058823529411,0.7647058823529411,1.0,0.8744746321952062,0.7647058823529411,1.0,0.9523809523809524,0.9523809523809524,0.9523809523809524,1.0,0.9759000729485332,0.9523809523809524,0.6923076923076923,0.7179487179487181,0.6585365853658537,0.9310344827586208,0.802846395157571,0.6923076923076923,1
934,334,0.7647058823529411,0.7647058823529411,0.7647058823529411,1.0,0.8744746321952062,0.7647058823529411,1.0,0.9714285714285714,0.9857142857142858,0.9444444444444444,0.9714285714285714,0.9714285714285714,0.9714285714285714,0.85,0.85,0.85,1.0,0.9219544457292888,0.85,1
94,1609,0.5348837209302326,0.5581395348837209,0.5111111111111111,0.92,0.7014934235299815,0.5348837209302326,1.0,1.0,1.0,1.0,1.0,1.0,1.0,0.6666666666666667,0.8263888888888888,1.0,1.0,1.0,1.0,1
977,544,0.7647058823529411,0.7647058823529411,0.7647058823529411,1.0,0.8744746321952062,0.7647058823529411,1.0,1.0,1.0,1.0,1.0,1.0,1.0,0.13991769547325106,0.1440329218106996,0.13877551020408166,0.9444444444444444,0.36351683615643104,0.13991769547325106,1
982,542,0.7647058823529411,0.7647058823529411,0.7647058823529411,1.0,0.8744746321952062,0.7647058823529411,1.0,1.0,1.0,1.0,1.0,1.0,1.0,1.0,1.0,1.0,1.0,1.0,1.0,1
