id_l,id_r,name_js,name_tv,name_oc,name_cs,description_js,description_tv,description_oc,description_cs,manufacturer_js,manufacturer_tv,manufacturer_oc,manufacturer_cs,price_div,label
b00002s5ig,http://www.google.com/base/feeds/snippets/8376577004489658408,0.5217391304347826,0.5217391304347826,0.9230769230769232,0.7095748751868991,0.0815518606492478,0.0815518606492478,0.9449541284403672,0.2782635599110129,0.9333333333333332,0.9333333333333332,1.0,0.966091783079296,0.9199839967993598,1
b00002s75b,http://www.google.com/base/feeds/snippets/18029245320668853953,0.2941176470588236,0.2941176470588236,1.0,0.5423261445466404,0.06274509803921569,0.06274509803921569,0.7272727272727273,0.21617674269398568,0.15384615384615385,0.15384615384615385,0.6666666666666666,0.3333333333333333,0.8218316902414632,1
b000056b62,http://www.google.com/base/feeds/snippets/18446496383812786183,0.9411764705882352,0.9411764705882352,1.0,0.970142500145332,0.2780487804878049,0.2780487804878049,0.9956331877729258,0.5264718501974615,0.058823529411764726,0.058823529411764726,0.3333333333333333,0.14907119849998596,1.0,1
b00005yx8i,http://www.google.com/base/feeds/snippets/18417819850768172148,0.35,0.35,0.6086956521739131,0.5243041203911967,0.01195219123505975,0.01195219123505975,1.0,0.10932607756185052,0.1428571428571428,0.1428571428571428,1.0,0.3779644730092272,0.0,1
b000068u3h,http://www.google.com/base/feeds/snippets/11635339528486156141,0.295774647887324,0.295774647887324,1.0,0.5438516782058542,0.021582733812949617,0.021582733812949617,1.0,0.14691063206231747,0.32432432432432434,0.32432432432432434,0.6666666666666666,0.508000508000762,0.7382957393483709,1
b0000691kc,http://www.google.com/base/feeds/snippets/11348325051429221668,0.3703703703703704,0.3703703703703704,0.8695652173913043,0.5839571624737838,0.20230263157894726,0.20230263157894726,1.0,0.4497806482930845,0.15000000000000002,0.15000000000000002,1.0,0.3872983346207417,0.3581432573029212,0
b0000691kc,http://www.google.com/base/feeds/snippets/11536164712390669476,0.3734939759036144,0.3734939759036144,0.6078431372549019,0.5468979948257953,0.19492219492219487,0.19492219492219487,0.9794238683127572,0.437831529140945,0.15000000000000002,0.15000000000000002,1.0,0.3872983346207417,0.7190876350540216,0
b0000691kc,http://www.google.com/base/feeds/snippets/17261970023689791051,0.4814814814814814,0.4814814814814814,0.8965517241379308,0.6760662577400469,0.19180327868852465,0.19180327868852465,0.9831932773109244,0.4349712888388253,0.15000000000000002,0.15000000000000002,1.0,0.3872983346207417,0.9560061208875286,0
b0000691kc,http://www.google.com/base/feeds/snippets/17330899240149634868,0.484375,0.484375,0.7045454545454546,0.6544105129271611,0.1963993453355155,0.1963993453355155,0.975609756097561,0.438810388578619,0.15000000000000002,0.15000000000000002,1.0,0.3872983346207417,0.6110444177671068,0
b0000691kc,http://www.google.com/base/feeds/snippets/18227581310527396800,0.4642857142857143,0.4642857142857143,0.8387096774193549,0.6538940912762139,0.1602616516762061,0.1602616516762061,0.9655172413793104,0.3944947836173127,0.15000000000000002,0.15000000000000002,1.0,0.3872983346207417,0.3197278911564626,0
b0000691kc,http://www.google.com/base/feeds/snippets/3594701920411099396,0.4183673469387755,0.4183673469387755,0.8039215686274509,0.6120084698771955,0.1829959514170041,0.1829959514170041,0.9224489795918368,0.4140555492343658,0.15000000000000002,0.15000000000000002,1.0,0.3872983346207417,0.7591036414565826,0
b00006iqth,http://www.google.com/base/feeds/snippets/13286819633533674312,0.26315789473684204,0.26315789473684204,0.5,0.42257712736425823,0.3513513513513513,0.3513513513513513,0.9285714285714286,0.5790660241435862,0.11111111111111116,0.11111111111111116,0.3333333333333333,0.2182178902359924,1.0,1
b00006jo4g,http://www.google.com/base/feeds/snippets/10206096308013781162,0.4107142857142857,0.4107142857142857,1.0,0.6408699444616557,0.50625,0.50625,0.9681274900398408,0.7059897789383544,0.9333333333333332,0.9333333333333332,1.0,0.966091783079296,0.9199839967993598,1
b00006jo4g,http://www.google.com/base/feeds/snippets/16080101328048625984,0.15540540540540534,0.15540540540540534,1.0,0.39421492285986,0.4865424430641823,0.4865424430641823,0.9552845528455284,0.6896509033357532,0.125,0.125,0.6666666666666666,0.2981423969999719,0.9195839167833566,1
b00008wq9i,http://www.google.com/base/feeds/snippets/18441480711193821750,0.30000000000000004,0.30000000000000004,0.5869565217391305,0.4724498048747065,0.16803840877914955,0.16803840877914955,0.9722222222222222,0.4051651733227265,0.16666666666666666,0.16666666666666666,1.0,0.40824829046386296,0.2040858018386109,0
b000098xjo,http://www.google.com/base/feeds/snippets/16361312648941715869,0.8181818181818182,0.8181818181818182,1.0,0.9045340337332908,0.012195121951219523,0.012195121951219523,1.0,0.11043152607484652,0.2142857142857143,0.2142857142857143,1.0,0.4629100498862757,0.0,1
b000099108,http://www.google.com/base/feeds/snippets/1088964682231544841,0.15189873417721522,0.15189873417721522,0.9230769230769232,0.3768445758127966,0.6603053435114504,0.6603053435114504,0.9105263157894736,0.8018373101606262,0.07692307692307687,0.07692307692307687,0.3333333333333333,0.1740776559556978,0.8319421257651641,0
b000099108,http://www.google.com/base/feeds/snippets/11742689310169054682,0.2535211267605634,0.2535211267605634,0.6923076923076923,0.4447495899966607,0.6227106227106227,0.6227106227106227,0.8947368421052632,0.775375118085833,0.07692307692307687,0.07692307692307687,0.3333333333333333,0.1740776559556978,0.4275092936802974,0
b000099108,http://www.google.com/base/feeds/snippets/13801903643027621522,0.4390243902439024,0.4390243902439024,0.6923076923076923,0.6145098677990269,0.6339622641509434,0.6339622641509434,0.8842105263157894,0.7818606288111649,0.07692307692307687,0.07692307692307687,0.3333333333333333,0.1740776559556978,0.5986622073578595,0
b000099108,http://www.google.com/base/feeds/snippets/17303660494208392527,0.26865671641791045,0.26865671641791045,0.6923076923076923,0.4595786290693487,0.015789473684210575,0.015789473684210575,1.0,0.1256561724875087,0.07692307692307687,0.07692307692307687,0.3333333333333333,0.1740776559556978,0.5719204284621271,0
b000099108,http://www.google.com/base/feeds/snippets/17453432506391757198,0.265625,0.265625,0.6538461538461539,0.4495530025457533,0.6490566037735849,0.6490566037735849,0.9052631578947368,0.7939683122147844,0.07692307692307687,0.07692307692307687,0.3333333333333333,0.1740776559556978,0.8742690058479531,0
b000099108,http://www.google.com/base/feeds/snippets/17573573406959659844,0.2413793103448276,0.2413793103448276,0.8076923076923077,0.4548054859154205,0.40284360189573465,0.40284360189573465,0.8018867924528302,0.5989481014266445,0.07692307692307687,0.07692307692307687,0.3333333333333333,0.1740776559556978,0.8319421257651641,0
b000099108,http://www.google.com/base/feeds/snippets/18204597739203681452,0.2592592592592593,0.2592592592592593,0.8076923076923077,0.4724173341991399,0.6356877323420075,0.6356877323420075,0.9,0.7846018098373213,0.07692307692307687,0.07692307692307687,0.3333333333333333,0.1740776559556978,0.4400942007653812,0
b000099108,http://www.google.com/base/feeds/snippets/18386073325514862606,0.35,0.35,0.5384615384615384,0.5188745216627708,0.6837944664031621,0.6837944664031621,0.9105263157894736,0.8169835294679719,0.07692307692307687,0.07692307692307687,0.3333333333333333,0.1740776559556978,0.7993311036789298,0
b000099108,http://www.google.com/base/feeds/snippets/9328281920275284345,0.2857142857142857,0.2857142857142857,0.4615384615384616,0.4447495899966607,0.2871794871794872,0.2871794871794872,0.918032786885246,0.5201712069652178,0.07692307692307687,0.07692307692307687,0.3333333333333333,0.1740776559556978,0.6622073578595318,0
b0000vyk1o,http://www.google.com/base/feeds/snippets/17409160117322953940,0.6153846153846154,0.6153846153846154,1.0,0.7844645405527362,0.18341708542713564,0.18341708542713564,0.9733333333333334,0.4235889628255314,0.10344827586206896,0.10344827586206896,1.0,0.3216337604513384,0.12495309568480302,1
b0000ycfdq,http://www.google.com/base/feeds/snippets/4188176128903497851,0.36,0.36,1.0,0.6,0.012345679012345734,0.012345679012345734,1.0,0.11111111111111116,0.15000000000000002,0.15000000000000002,1.0,0.3872983346207417,0.6453226613306654,1
b0001bfdau,http://www.google.com/base/feeds/snippets/4018509382848032799,0.35897435897435903,0.35897435897435903,1.0,0.599144689515278,0.16532258064516125,0.16532258064516125,0.9534883720930232,0.3986411026000336,0.3571428571428572,0.3571428571428572,1.0,0.5976143046671968,0.9950497524876244,1
b0001iqnc0,http://www.google.com/base/feeds/snippets/14425804478665246948,0.5512820512820513,0.5512820512820513,0.9347826086956522,0.7320806164525238,0.01195219123505975,0.01195219123505975,1.0,0.10932607756185052,0.1071428571428571,0.1071428571428571,1.0,0.32732683535398865,0.8648648648648649,1
b0001wn0ky,http://www.google.com/base/feeds/snippets/16388256207576026986,0.75,0.75,1.0,0.8660254037844387,0.4930875576036866,0.4930875576036866,0.856,0.6784256086946182,0.0,0.0,0.0,0.0,0.9166631942997624,1
b0001wn1a8,http://www.google.com/base/feeds/snippets/8324654787720267662,0.4625,0.4625,0.925,0.6666937223947136,0.3176620076238882,0.3176620076238882,0.992063492063492,0.5620887717090307,0.0,0.0,0.0,0.0,0.997919958399168,1
b00022pti4,http://www.google.com/base/feeds/snippets/16729750960777382226,0.6212121212121212,0.6212121212121212,0.7884615384615384,0.7666565318069348,0.01018237082066864,0.01018237082066864,0.9852941176470588,0.10017062953220113,0.0,0.0,0.0,0.0,0.4999833327777593,1
b00022pti4,http://www.google.com/base/feeds/snippets/7739419455751524618,0.6363636363636364,0.6363636363636364,1.0,0.7977240352174657,0.0004559963520291976,0.0004559963520291976,1.0,0.02135407108794907,0.0,0.0,0.0,0.0,1.0,1
b00022ptt8,http://www.google.com/base/feeds/snippets/10568264795540984053,0.7719298245614035,0.7719298245614035,0.88,0.8713298378194734,0.008673158855751706,0.008673158855751706,0.9827586206896552,0.09233048679366618,0.05000000000000005,0.05000000000000005,0.3333333333333333,0.13608276348795434,1.0,1
b0002735fi,http://www.google.com/base/feeds/snippets/18409154395025279191,0.5111111111111111,0.5111111111111111,0.7931034482758621,0.6839061884675605,0.5111111111111111,0.5111111111111111,0.7931034482758621,0.6839061884675605,1.0,1.0,1.0,1.0,0.7825752508361205,1
b0002c3vqq,http://www.google.com/base/feeds/snippets/18371416588940021581,0.5833333333333334,0.5833333333333334,0.8484848484848485,0.7433046224826585,0.14090909090909087,0.14090909090909087,0.96875,0.37030932398980987,0.11111111111111116,0.11111111111111116,0.5,0.25,1.0,1
b0002i6l7g,http://www.google.com/base/feeds/snippets/3887119395489365873,0.5454545454545454,0.5454545454545454,0.967741935483871,0.7332355751067664,0.3575498575498576,0.3575498575498576,0.9960317460317459,0.5971926336884661,0.04166666666666663,0.04166666666666663,0.3333333333333333,0.1230914909793327,0.7499291654860915,1
b0002tpg1w,http://www.google.com/base/feeds/snippets/11509991321510752800,0.3222222222222222,0.3222222222222222,0.6744186046511628,0.5072907856924567,0.290161892901619,0.290161892901619,0.9433198380566802,0.5277994615079378,0.0,0.0,0.0,0.0,0.0,0
b0006g2wr2,http://www.google.com/base/feeds/snippets/18403352308945312678,0.6363636363636364,0.6363636363636364,0.8076923076923077,0.7783117824941562,0.03247232472324724,0.03247232472324724,0.7857142857142857,0.16044295667482222,0.05000000000000005,0.05000000000000005,0.3333333333333333,0.13608276348795434,0.5486664951547895,1
b0006i7glw,http://www.google.com/base/feeds/snippets/10192871543291254639,0.11538461538461542,0.11538461538461542,0.23076923076923084,0.2080125735844609,0.7633587786259542,0.7633587786259542,0.9216589861751152,0.8673953438841661,0.09375,0.09375,1.0,0.3061862178478973,0.17903580716143228,0
b0006i7glw,http://www.google.com/base/feeds/snippets/18221397831011266279,0.14102564102564094,0.14102564102564094,0.6875,0.3218631547893591,0.6630434782608695,0.6630434782608695,0.8433179723502304,0.7985710092266313,0.09375,0.09375,1.0,0.3061862178478973,0.1228245649129826,0
b0006i7glw,http://www.google.com/base/feeds/snippets/18389569637497799344,0.14492753623188406,0.14492753623188406,0.625,0.314970394174356,0.6798561151079137,0.6798561151079137,0.8709677419354839,0.8114503145006635,0.09375,0.09375,1.0,0.3061862178478973,0.2972594518903781,0
b0006i7glw,http://www.google.com/base/feeds/snippets/7129140322149464777,0.10476190476190472,0.10476190476190472,0.6875,0.275,0.5738255033557047,0.5738255033557047,0.7880184331797235,0.7312501582518692,0.09375,0.09375,1.0,0.3061862178478973,0.3846864178530204,0
b0007lw230,http://www.google.com/base/feeds/snippets/17298610841039937504,0.58,0.58,1.0,0.7615773105863908,0.002178649237472796,0.002178649237472796,1.0,0.04667600280093365,0.1428571428571428,0.1428571428571428,0.3333333333333333,0.2581988897471611,0.9995999599959996,1
b0007lw23a,http://www.google.com/base/feeds/snippets/11630432614273539055,0.6,0.6,1.0,0.7745966692414834,0.0005834305717619115,0.0005834305717619115,1.0,0.02415430751981851,0.1428571428571428,0.1428571428571428,0.3333333333333333,0.2581988897471611,0.9876234529316164,1
b0007lw23a,http://www.google.com/base/feeds/snippets/9643223122893875320,0.84,0.84,1.0,0.916515138991168,0.019642162582652608,0.019642162582652608,1.0,0.1401504997588402,0.1428571428571428,0.1428571428571428,0.3333333333333333,0.2581988897471611,0.9876234529316164,1
b0007r7e7i,http://www.google.com/base/feeds/snippets/18118065911754783035,0.3200000000000001,0.3200000000000001,0.6666666666666666,0.5039526306789696,0.4378818737270875,0.4378818737270875,0.8531746031746031,0.6356386009508941,0.08333333333333337,0.08333333333333337,0.3333333333333333,0.18257418583505536,0.8499924996249812,1
b0007yepyg,http://www.google.com/base/feeds/snippets/14284530408597272725,0.75,0.75,0.8571428571428571,0.8571428571428571,0.3601823708206686,0.3601823708206686,0.9793388429752066,0.5961891559102686,0.15000000000000002,0.15000000000000002,1.0,0.3872983346207417,0.8954477238619309,1
b00081i6ji,http://www.google.com/base/feeds/snippets/18411096849519146392,0.4177215189873418,0.4177215189873418,0.8461538461538461,0.6184722330516126,0.008849557522123908,0.008849557522123908,0.9583333333333334,0.09210912183867416,0.2941176470588236,0.2941176470588236,1.0,0.5423261445466404,0.8229461217554493,1
b0008glgea,http://www.google.com/base/feeds/snippets/7415156197197389350,0.5094339622641509,0.5094339622641509,1.0,0.7137464271463296,0.04188932942596102,0.04188932942596102,0.9759036144578314,0.20229254579294653,0.1428571428571428,0.1428571428571428,0.3333333333333333,0.2581988897471611,0.9900990099009902,1
b0009jearq,http://www.google.com/base/feeds/snippets/17196507061828599304,0.4666666666666667,0.4666666666666667,0.8235294117647058,0.6534640392130713,0.5181818181818182,0.5181818181818182,0.9579831932773109,0.7127088320107371,0.11111111111111116,0.11111111111111116,0.3333333333333333,0.2182178902359924,0.871623874624875,1
b0009stm6g,http://www.google.com/base/feeds/snippets/7117788517647646539,0.4772727272727273,0.4772727272727273,0.9545454545454546,0.6827688932004728,0.03703703703703698,0.03703703703703698,0.3333333333333333,0.1154700538379252,0.1578947368421053,0.1578947368421053,1.0,0.3973597071195132,0.990990990990991,1
b0009yn1ks,http://www.google.com/base/feeds/snippets/10073523251870401694,0.30000000000000004,0.30000000000000004,0.6428571428571429,0.481070235442364,0.6598639455782312,0.6598639455782312,0.8151260504201681,0.7953224598400642,0.2,0.2,0.6666666666666666,0.3849001794597505,0.4542271135567784,0
b0009yn1ks,http://www.google.com/base/feeds/snippets/12764063569426395567,0.18604651162790686,0.18604651162790686,0.8888888888888888,0.4114755998989117,0.7230215827338129,0.7230215827338129,0.8445378151260504,0.8392648948054762,0.2,0.2,0.6666666666666666,0.3849001794597505,0.7478739369684843,0
b0009yn1ks,http://www.google.com/base/feeds/snippets/14483698650009848252,0.375,0.375,0.8571428571428571,0.5855400437691199,0.7013888888888888,0.7013888888888888,0.8487394957983193,0.8248265285425426,0.2,0.2,0.6666666666666666,0.3849001794597505,0.6665555185061687,0
b0009yn1ks,http://www.google.com/base/feeds/snippets/14640507864355837784,0.3513513513513513,0.3513513513513513,0.6190476190476191,0.52678658400752,0.5915032679738562,0.5915032679738562,0.7605042016806722,0.7435161782004409,0.2,0.2,0.6666666666666666,0.3849001794597505,0.3736868434217109,0
b0009yn1ks,http://www.google.com/base/feeds/snippets/16625259822471174397,0.4583333333333333,0.4583333333333333,0.7857142857142857,0.6415330278717848,0.5439189189189191,0.5439189189189191,0.7351598173515982,0.7052049305632988,0.2,0.2,0.6666666666666666,0.3849001794597505,0.775708187815289,0
b0009yn1ks,http://www.google.com/base/feeds/snippets/16659259513615352372,0.23076923076923084,0.23076923076923084,0.5454545454545454,0.39477101697586137,0.6588235294117647,0.6588235294117647,0.9081081081081082,0.800635677494022,0.2,0.2,0.6666666666666666,0.3849001794597505,0.39987997599519903,0
b0009yn1ks,http://www.google.com/base/feeds/snippets/18169579040109794438,0.5223880597014925,0.5223880597014925,0.8333333333333334,0.6972166887783964,0.5853658536585366,0.5853658536585366,0.9473684210526316,0.7570982103615651,0.2,0.2,0.6666666666666666,0.3849001794597505,0.4222111055527764,0
b0009yn1ks,http://www.google.com/base/feeds/snippets/18382903514613113420,0.3650793650793651,0.3650793650793651,0.5476190476190477,0.5350284209791207,0.7509025270758123,0.7509025270758123,0.8739495798319328,0.8578796774088434,0.2,0.2,0.6666666666666666,0.3849001794597505,0.4977488744372186,0
b0009yn1ks,http://www.google.com/base/feeds/snippets/7390066556506646761,0.3977272727272727,0.3977272727272727,0.8333333333333334,0.6000685831859129,0.6958041958041958,0.6958041958041958,0.8361344537815126,0.8207598836748069,0.2,0.2,0.6666666666666666,0.3849001794597505,0.8702655637788419,0
b0009yn1ks,http://www.google.com/base/feeds/snippets/9068549288488528024,0.4423076923076923,0.4423076923076923,0.696969696969697,0.6177976057527915,0.6885813148788927,0.6885813148788927,0.8361344537815126,0.8158204613823339,0.2,0.2,0.6666666666666666,0.3849001794597505,1.0,0
b0009yn1rq,http://www.google.com/base/feeds/snippets/8664755713112971171,0.2786885245901639,0.2786885245901639,1.0,0.5279095799378564,0.5802816901408451,0.5802816901408451,0.8340080971659919,0.7396971062325253,0.125,0.125,0.3333333333333333,0.2357022603955159,0.7477477477477477,1
b000afkxso,http://www.google.com/base/feeds/snippets/1611810981921795487,0.35185185185185186,0.35185185185185186,0.8636363636363636,0.5672273623252055,0.3085365853658537,0.3085365853658537,1.0,0.5554606965086312,0.125,0.125,0.3333333333333333,0.2357022603955159,0.7082499999999999,1
b000aoz7fo,http://www.google.com/base/feeds/snippets/18353566070605982375,0.7826086956521741,0.7826086956521741,0.9473684210526316,0.8804087784801333,0.14925373134328354,0.14925373134328354,0.9615384615384616,0.379967293822961,0.08571428571428574,0.08571428571428574,1.0,0.2927700218845599,0.8565509358479784,1
b000b56boi,http://www.google.com/base/feeds/snippets/6779487277459931782,0.2553191489361701,0.2553191489361701,0.9,0.4863089042624693,0.13545816733067728,0.13545816733067728,0.8947368421052632,0.3509446628788556,0.125,0.125,0.6666666666666666,0.2981423969999719,0.0,1
b000b63xha,http://www.google.com/base/feeds/snippets/14798220155665223365,0.490566037735849,0.490566037735849,0.8965517241379308,0.6827934508705573,0.1801604668125456,0.1801604668125456,0.988,0.4223610882750552,0.16666666666666666,0.16666666666666666,0.3333333333333333,0.2886751345948129,0.8330550918196995,1
b000b6kxfa,http://www.google.com/base/feeds/snippets/8894150903607310427,0.4044943820224719,0.4044943820224719,0.9230769230769232,0.6216142641389736,0.13833992094861658,0.13833992094861658,0.8974358974358975,0.3551698299029902,0.05000000000000005,0.05000000000000005,0.3333333333333333,0.13608276348795434,0.6921893035782994,1
b000b6n2lw,http://www.google.com/base/feeds/snippets/4747185109584668947,0.3529411764705883,0.3529411764705883,1.0,0.5940885257860046,0.2519685039370079,0.2519685039370079,0.9846153846153848,0.4990718049178602,0.125,0.125,0.6666666666666666,0.2981423969999719,0.7728643216080403,1
b000b85aag,http://www.google.com/base/feeds/snippets/2233807276870300519,0.75,0.75,0.8571428571428571,0.8571428571428571,0.03861892583120208,0.03861892583120208,0.9869281045751634,0.19527828592459096,0.0,0.0,0.0,0.0,0.8464024624855714,1
b000bckmaa,http://www.google.com/base/feeds/snippets/13796906802854864998,0.5454545454545454,0.5454545454545454,1.0,0.7385489458759964,0.8111111111111111,0.8111111111111111,0.9240506329113924,0.8961272244559313,0.058823529411764726,0.058823529411764726,0.3333333333333333,0.14907119849998596,1.0,1
b000bdezfw,http://www.google.com/base/feeds/snippets/18431383104785501737,0.14835164835164838,0.14835164835164838,0.9,0.3684483545140813,0.12199216564073867,0.12199216564073867,0.9276595744680852,0.33801496576539325,0.1428571428571428,0.1428571428571428,0.3333333333333333,0.2581988897471611,0.6093090808492979,1
b000butd6q,http://www.google.com/base/feeds/snippets/6990565128537638388,1.0,1.0,1.0,1.0,0.01224489795918371,0.01224489795918371,1.0,0.1106566670344976,0.15000000000000002,0.15000000000000002,1.0,0.3872983346207417,0.2580516103220644,1
b000bwzzlg,http://www.google.com/base/feeds/snippets/2793425352847818039,0.7297297297297297,0.7297297297297297,1.0,0.8542421961772492,0.03895045632333771,0.03895045632333771,0.9795081967213116,0.19540574577790604,0.0625,0.0625,0.3333333333333333,0.15430334996209194,0.93015503875969,1
b000bx441w,http://www.google.com/base/feeds/snippets/6376971851371386778,0.5357142857142857,0.5357142857142857,0.967741935483871,0.7265392195447242,0.18834080717488788,0.18834080717488788,0.9960474308300395,0.4332859200728898,0.08333333333333337,0.08333333333333337,0.3333333333333333,0.18257418583505536,0.9215273206056616,1
b000byr41s,http://www.google.com/base/feeds/snippets/825708128584676723,0.23076923076923084,0.23076923076923084,1.0,0.4803844614152615,0.2665198237885462,0.2665198237885462,0.8768115942028986,0.4927255791364564,0.11111111111111116,0.11111111111111116,0.3333333333333333,0.2182178902359924,1.0,1
b000cp4ja0,http://www.google.com/base/feeds/snippets/3040037286169376262,0.52,0.52,1.0,0.7211102550927979,0.06327372764786797,0.06327372764786797,0.7931034482758621,0.2258867796745391,0.125,0.125,0.6666666666666666,0.2981423969999719,0.8494623655913978,1
b000dz9yoa,http://www.google.com/base/feeds/snippets/5216541735240789992,0.42105263157894735,0.42105263157894735,0.6153846153846154,0.5929994533288809,0.2572421784472769,0.2572421784472769,0.8844621513944223,0.4852137376811239,0.07692307692307687,0.07692307692307687,0.3333333333333333,0.1740776559556978,0.8695368558382257,1
b000e13es0,http://www.google.com/base/feeds/snippets/16987363527577090531,0.18461538461538465,0.18461538461538465,1.0,0.4296689244236598,0.35791090629800304,0.35791090629800304,0.9246031746031746,0.5838443899273059,0.08571428571428574,0.08571428571428574,1.0,0.2927700218845599,0.1650137511459288,1
b000e65hki,http://www.google.com/base/feeds/snippets/11050991040966629398,0.5052631578947369,0.5052631578947369,1.0,0.7108186533109108,0.3351206434316354,0.3351206434316354,0.992063492063492,0.5773687452850972,0.125,0.125,0.6666666666666666,0.2981423969999719,0.8448922446122306,1
b000e6g7x4,http://www.google.com/base/feeds/snippets/13104987431455489246,0.3551401869158879,0.3551401869158879,0.6440677966101694,0.5334679898331169,0.21600000000000005,0.21600000000000005,0.9152542372881356,0.4491430789419633,0.11111111111111116,0.11111111111111116,0.3333333333333333,0.2182178902359924,0.0978705035971223,0
b000e6g7x4,http://www.google.com/base/feeds/snippets/18434385825570199468,0.5,0.5,0.7288135593220338,0.6691036973961879,0.4,0.4,0.7796610169491526,0.5929686595201699,0.11111111111111116,0.11111111111111116,0.3333333333333333,0.2182178902359924,0.19880575539568346,0
b000e6g7x4,http://www.google.com/base/feeds/snippets/18440602911777368492,0.29166666666666674,0.29166666666666674,0.8305084745762712,0.5075064086035306,0.29166666666666674,0.29166666666666674,0.8305084745762712,0.5075064086035306,0.11111111111111116,0.11111111111111116,0.3333333333333333,0.2182178902359924,0.38405755395683455,0
b000e8jlbw,http://www.google.com/base/feeds/snippets/3597076779822744306,0.4492753623188406,0.4492753623188406,1.0,0.6702800625998363,0.05154212378389567,0.05154212378389567,1.0,0.22702890517265795,0.1428571428571428,0.1428571428571428,0.3333333333333333,0.2581988897471611,0.999970570924073,1
b000e8jlda,http://www.google.com/base/feeds/snippets/14794198635011271295,0.3606557377049179,0.3606557377049179,1.0,0.6005461994758755,0.030964717493214944,0.030964717493214944,1.0,0.1759679445047162,0.1428571428571428,0.1428571428571428,0.3333333333333333,0.2581988897471611,0.9999411071849236,1
b000ecyp0k,http://www.google.com/base/feeds/snippets/3704829860217910239,0.3142857142857143,0.3142857142857143,1.0,0.5606119105813882,0.1944444444444444,0.1944444444444444,1.0,0.4409585518440984,0.11111111111111116,0.11111111111111116,0.6666666666666666,0.2800560168056019,0.6071288260295009,1
b000edvrtq,http://www.google.com/base/feeds/snippets/14326164391298371952,0.4166666666666667,0.4166666666666667,1.0,0.6454972243679028,0.010754250835634305,0.010754250835634305,0.9866666666666668,0.10301651858209536,0.08695652173913038,0.08695652173913038,0.6666666666666666,0.2461829819586654,0.16638879626542186,1
b000egwc42,http://www.google.com/base/feeds/snippets/18427221955987040627,0.5573770491803278,0.5573770491803278,0.9714285714285714,0.7419408268023739,0.04453441295546556,0.04453441295546556,0.9166666666666666,0.2024577978038853,0.15000000000000002,0.15000000000000002,1.0,0.3872983346207417,0.9986662220740248,1
b000fabege,http://www.google.com/base/feeds/snippets/18395162104408890762,0.31343283582089554,0.31343283582089554,0.7241379310344828,0.5076849508812099,0.11067193675889332,0.11067193675889332,0.7368421052631579,0.2913822524920826,0.1333333333333333,0.1333333333333333,0.6666666666666666,0.3086066999241839,0.1324810606060606,0
b000fnevhk,http://www.google.com/base/feeds/snippets/11211072591263183946,0.3194444444444444,0.3194444444444444,0.8214285714285714,0.5310206610205517,0.1410488245931284,0.1410488245931284,0.9831932773109244,0.372845048438989,0.11111111111111116,0.11111111111111116,0.3333333333333333,0.2182178902359924,0.3062776304155615,0
b000fnevhk,http://www.google.com/base/feeds/snippets/12694731449332312647,0.3396226415094339,0.3396226415094339,0.6428571428571429,0.5187513759338115,0.062198067632850185,0.062198067632850185,0.9903846153846154,0.2482684632401924,0.11111111111111116,0.11111111111111116,0.3333333333333333,0.2182178902359924,0.2651635720601238,0
b000fnevhk,http://www.google.com/base/feeds/snippets/12918318395802813699,0.3200000000000001,0.3200000000000001,0.8571428571428571,0.5382735648195079,0.11064341551413116,0.11064341551413116,0.9583333333333334,0.3264135731632748,0.11111111111111116,0.11111111111111116,0.3333333333333333,0.2182178902359924,0.5843501326259948,0
b000fnevhk,http://www.google.com/base/feeds/snippets/12991998923940483779,0.4,0.4,0.5714285714285714,0.5714285714285714,0.14544357272178646,0.14544357272178646,0.9917695473251028,0.3800273967746339,0.2608695652173913,0.2608695652173913,0.8571428571428571,0.4834937784152282,0.8221927497789566,0
b000fnevhk,http://www.google.com/base/feeds/snippets/13231416480447226733,0.27118644067796605,0.27118644067796605,0.5714285714285714,0.44105427713597706,0.026537997587454787,0.026537997587454787,0.9361702127659576,0.15776285189833172,0.11111111111111116,0.11111111111111116,0.3333333333333333,0.2182178902359924,0.9898320070733864,0
b000fnevhk,http://www.google.com/base/feeds/snippets/15849618971016077396,0.3695652173913043,0.3695652173913043,0.6071428571428571,0.5430450802499489,0.07826610475617103,0.07826610475617103,0.9558823529411764,0.27401535436983226,0.11111111111111116,0.11111111111111116,0.3333333333333333,0.2182178902359924,0.17763041556145004,0
b000fnevhk,http://www.google.com/base/feeds/snippets/16778884488336619713,0.36764705882352944,0.36764705882352944,0.8928571428571429,0.5860090386731193,0.15087507543753775,0.15087507543753775,0.992063492063492,0.387115659130878,0.11111111111111116,0.11111111111111116,0.3333333333333333,0.2182178902359924,0.35358090185676394,0
b000fnevhk,http://www.google.com/base/feeds/snippets/18406653450238248367,0.40384615384615385,0.40384615384615385,0.75,0.5916079783099616,0.14819277108433734,0.14819277108433734,0.9800796812749004,0.3816798626849862,0.11111111111111116,0.11111111111111116,0.3333333333333333,0.2182178902359924,0.35358090185676394,0
b000fnevhk,http://www.google.com/base/feeds/snippets/18414732046138774888,0.35211267605633795,0.35211267605633795,0.8928571428571429,0.5729365606426321,0.02779456193353469,0.02779456193353469,1.0,0.16671701153012175,0.11111111111111116,0.11111111111111116,0.3333333333333333,0.2182178902359924,0.70370831259333,0
b000fnevhk,http://www.google.com/base/feeds/snippets/4436087621332035022,0.4666666666666667,0.4666666666666667,0.75,0.6437963064592142,0.001812688821752229,0.001812688821752229,1.0,0.042575683456079316,0.11111111111111116,0.11111111111111116,0.3333333333333333,0.2182178902359924,0.2651635720601238,0
b000g80lqo,http://www.google.com/base/feeds/snippets/18435954901092427938,0.5277777777777778,0.5277777777777778,0.7037037037037037,0.6910233190806425,0.2049792531120332,0.2049792531120332,0.9919678714859438,0.4512990985550844,0.06666666666666665,0.06666666666666665,0.3333333333333333,0.16012815380508716,0.2308577277064672,0
b000gaqlxe,http://www.google.com/base/feeds/snippets/13825743693732119715,0.3043478260869565,0.3043478260869565,0.6666666666666666,0.4891995904702285,0.2478260869565217,0.2478260869565217,0.8636363636363636,0.471961693779166,0.04545454545454541,0.04545454545454541,0.3333333333333333,0.1290994448735805,0.2352041416637252,1
b000gr1ceu,http://www.google.com/base/feeds/snippets/2062975649512805986,0.9777777777777776,0.9777777777777776,1.0,0.9888264649460884,0.10628019323671499,0.10628019323671499,1.0,0.3260064312812172,0.125,0.125,0.6666666666666666,0.2981423969999719,0.8482120530132533,1
b000h14rr4,http://www.google.com/base/feeds/snippets/10086920522125108835,0.2857142857142857,0.2857142857142857,0.4615384615384616,0.4447495899966607,0.16194331983805665,0.16194331983805665,0.98159509202454,0.3993080496326715,0.125,0.125,0.3333333333333333,0.2357022603955159,0.09949972206781543,0
b000h14rr4,http://www.google.com/base/feeds/snippets/12827595574130654877,0.22916666666666666,0.22916666666666666,0.7857142857142857,0.4382504900892776,0.20585267406659927,0.20585267406659927,0.9714285714285714,0.4485412663124839,0.125,0.125,0.3333333333333333,0.2357022603955159,0.2135717168839186,0
b000h14rr4,http://www.google.com/base/feeds/snippets/12949835105262366018,0.3157894736842105,0.3157894736842105,0.5454545454545454,0.4834937784152282,0.03857868020304567,0.03857868020304567,1.0,0.19641456209519115,1.0,1.0,1.0,1.0,0.2889382990550305,0
b000h14rr4,http://www.google.com/base/feeds/snippets/13313696601642782749,0.2941176470588236,0.2941176470588236,0.7142857142857143,0.4879500364742666,0.10303030303030304,0.10303030303030304,0.9532710280373832,0.31418841522845753,0.125,0.125,0.3333333333333333,0.2357022603955159,0.22421356996859265,0
b000h14rr4,http://www.google.com/base/feeds/snippets/18356580287102485505,0.2857142857142857,0.2857142857142857,0.7142857142857143,0.4800153607373193,0.05015045135406215,0.05015045135406215,0.8064516129032258,0.20232802597912736,0.125,0.125,0.3333333333333333,0.2357022603955159,0.10607311320754716,0
b000h14rr4,http://www.google.com/base/feeds/snippets/6959766318020460134,0.3278688524590163,0.3278688524590163,0.7142857142857143,0.519174131651165,0.25050709939148075,0.25050709939148075,0.995967741935484,0.4997502241684446,0.125,0.125,0.3333333333333333,0.2357022603955159,0.7925110132158589,0
b000h14rr4,http://www.google.com/base/feeds/snippets/7158470849250295435,0.3692307692307693,0.3692307692307693,0.8571428571428571,0.5807207021949927,0.09615384615384616,0.09615384615384616,0.9693877551020408,0.3057682954331188,0.125,0.125,0.3333333333333333,0.2357022603955159,0.7379604561489869,0
b000h16p9w,http://www.google.com/base/feeds/snippets/12831181740691949409,0.2714285714285713,0.2714285714285713,1.0,0.5209880722517276,0.508695652173913,0.508695652173913,0.9551020408163264,0.7055205119370842,0.125,0.125,0.3333333333333333,0.2357022603955159,0.9165971643035864,1
b000h20hu4,http://www.google.com/base/feeds/snippets/11816902045207686274,0.813953488372093,0.813953488372093,1.0,0.9021937088963172,0.05352547606793623,0.05352547606793623,0.9454545454545454,0.2253057037862853,0.125,0.125,0.3333333333333333,0.2357022603955159,0.8233023588277341,1
b000h229d2,http://www.google.com/base/feeds/snippets/14928650794745636736,0.29032258064516125,0.29032258064516125,0.9,0.5196152422706631,0.6132404181184669,0.6132404181184669,0.8224299065420559,0.7624407635201019,0.125,0.125,0.3333333333333333,0.2357022603955159,0.7697697697697697,1
b000hbys5k,http://www.google.com/base/feeds/snippets/5250375660251099807,0.32183908045977017,0.32183908045977017,1.0,0.5673086289311754,0.04989067779765455,0.04989067779765455,0.9920948616600792,0.222521840349721,0.125,0.125,0.3333333333333333,0.2357022603955159,0.83991995997999,1
b000hc0m36,http://www.google.com/base/feeds/snippets/12949835105262366018,0.5365853658536586,0.5365853658536586,1.0,0.7325198740332295,0.02766476810414975,0.02766476810414975,0.8947368421052632,0.15758652338416934,1.0,1.0,1.0,1.0,0.6505632040050062,1
b000hhxevi,http://www.google.com/base/feeds/snippets/2710470763365986624,0.41025641025641024,0.41025641025641024,0.9411764705882352,0.629511580291707,0.5588235294117647,0.5588235294117647,0.8786127167630058,0.7294300917544326,0.125,0.125,0.3333333333333333,0.2357022603955159,0.948974487243622,1
b000hlr9my,http://www.google.com/base/feeds/snippets/16599167006186127666,0.3829787234042553,0.3829787234042553,0.5625,0.5539117094069973,0.04532425653887495,0.04532425653887495,1.0,0.21289494249247665,0.1428571428571428,0.1428571428571428,0.3333333333333333,0.2581988897471611,0.5555308628257125,0
b000i84dts,http://www.google.com/base/feeds/snippets/18373254644070862441,0.35211267605633795,0.35211267605633795,1.0,0.5933908290969266,0.05604719764011802,0.05604719764011802,0.988,0.235398284630332,0.1578947368421053,0.1578947368421053,1.0,0.3973597071195132,0.8469234617308655,1
b000i8od4i,http://www.google.com/base/feeds/snippets/18213081663134894535,0.7014925373134329,0.7014925373134329,0.8545454545454545,0.8250694512486008,0.09363745498199284,0.09363745498199284,0.912280701754386,0.2935979416597996,0.1428571428571428,0.1428571428571428,0.3333333333333333,0.2581988897471611,0.5347619047619048,1
b000ickl1s,http://www.google.com/base/feeds/snippets/13072031492932979138,0.21875,0.21875,0.9130434782608696,0.4516390133003072,0.1237322515212982,0.1237322515212982,1.0,0.35175595449302377,0.18181818181818188,0.18181818181818188,0.6666666666666666,0.3651483716701107,0.0,0
b000ickl1s,http://www.google.com/base/feeds/snippets/13316680656393814818,0.12,0.12,0.6,0.27975144247209416,0.20424671385237614,0.20424671385237614,0.9853658536585366,0.4492995477513395,0.18181818181818188,0.18181818181818188,0.6666666666666666,0.3651483716701107,0.0,0
b000ickl1s,http://www.google.com/base/feeds/snippets/13960573350320335234,0.375,0.375,0.7826086956521741,0.5723667006740041,0.24343434343434345,0.24343434343434345,0.9836734693877552,0.4903379905246725,0.18181818181818188,0.18181818181818188,0.6666666666666666,0.3651483716701107,0.0,0
b000ickl1s,http://www.google.com/base/feeds/snippets/14115800704515245912,0.3275862068965517,0.3275862068965517,0.8260869565217391,0.5391291361472075,0.2421796165489405,0.2421796165489405,0.979591836734694,0.4883033930536158,0.3809523809523809,0.3809523809523809,0.8,0.5803810000880093,0.0,0
b000ickl1s,http://www.google.com/base/feeds/snippets/15905434410209587172,0.4166666666666667,0.4166666666666667,0.8695652173913043,0.6216698721602092,0.20486815415821505,0.20486815415821505,1.0,0.4526236341136143,0.18181818181818188,0.18181818181818188,0.6666666666666666,0.3651483716701107,0.0,0
b000ickl1s,http://www.google.com/base/feeds/snippets/16657440624070055305,0.2467532467532467,0.2467532467532467,0.8260869565217391,0.4636905583352111,0.243680485338726,0.243680485338726,0.9877049180327868,0.4913417540941644,0.18181818181818188,0.18181818181818188,0.6666666666666666,0.3651483716701107,0.0,0
b000ickl1s,http://www.google.com/base/feeds/snippets/17081837201771092975,0.3666666666666667,0.3666666666666667,0.6111111111111112,0.5406205059012895,0.13521695257315847,0.13521695257315847,0.9640287769784172,0.36195863417672336,0.18181818181818188,0.18181818181818188,0.6666666666666666,0.3651483716701107,0.0,0
b000ickl1s,http://www.google.com/base/feeds/snippets/18383108968754488314,0.3278688524590163,0.3278688524590163,0.8695652173913043,0.5475856781933935,0.041497975708502,0.041497975708502,0.9534883720930232,0.19911829802489425,0.3333333333333333,0.3333333333333333,0.5,0.5,0.0,0
b000ickl1s,http://www.google.com/base/feeds/snippets/18409154395025279191,0.3191489361702128,0.3191489361702128,0.6521739130434783,0.5008354224706334,0.037449392712550655,0.037449392712550655,0.9487179487179488,0.1886822137660229,0.25,0.25,0.6,0.42426406871192857,0.0,0
b000ickl1s,http://www.google.com/base/feeds/snippets/18445976014632333575,0.28,0.28,0.9130434782608696,0.512500090791549,0.003042596348884375,0.003042596348884375,1.0,0.05515973485146919,0.18181818181818188,0.18181818181818188,0.6666666666666666,0.3651483716701107,0.0,0
b000ickl1s,http://www.google.com/base/feeds/snippets/4703701453618359906,0.31034482758620685,0.31034482758620685,0.7826086956521741,0.5155498351135843,0.07591093117408909,0.07591093117408909,0.9740259740259741,0.27219330779291684,0.18181818181818188,0.18181818181818188,0.6666666666666666,0.3651483716701107,0.0,0
b000ickl1s,http://www.google.com/base/feeds/snippets/5978521375376689048,0.3114754098360656,0.3114754098360656,0.8260869565217391,0.5247497678328021,0.248991935483871,0.248991935483871,0.9762845849802372,0.4945363682925805,0.18181818181818188,0.18181818181818188,0.6666666666666666,0.3651483716701107,0.0,0
b000ickl1s,http://www.google.com/base/feeds/snippets/7293664946080308091,0.4545454545454546,0.4545454545454546,0.8695652173913043,0.6512896090258361,0.0792377131394183,0.0792377131394183,0.8777777777777778,0.2651962502764588,0.18181818181818188,0.18181818181818188,0.6666666666666666,0.3651483716701107,0.0,0
b000ickl1s,http://www.google.com/base/feeds/snippets/760100656109516800,0.2247191011235955,0.2247191011235955,0.8695652173913043,0.4496937504132879,0.24974721941354905,0.24974721941354905,0.988,0.4974947378603949,0.18181818181818188,0.18181818181818188,0.6666666666666666,0.3651483716701107,0.0,0
b000ickl1s,http://www.google.com/base/feeds/snippets/825708128584676723,0.3478260869565217,0.3478260869565217,0.6956521739130435,0.5342244506353423,0.13306451612903225,0.13306451612903225,0.9565217391304348,0.3578458051293869,0.18181818181818188,0.18181818181818188,0.6666666666666666,0.3651483716701107,0.0,0
b000ickl1s,http://www.google.com/base/feeds/snippets/8395248988761650431,0.3725490196078432,0.3725490196078432,0.8260869565217391,0.5778841114388499,0.21218074656188604,0.21218074656188604,0.8709677419354839,0.4368068629907804,0.18181818181818188,0.18181818181818188,0.6666666666666666,0.3651483716701107,0.0,0
b000ickl1s,http://www.google.com/base/feeds/snippets/908293428104495266,0.3809523809523809,0.3809523809523809,0.6956521739130435,0.5639259014801931,0.2366565961732125,0.2366565961732125,0.9710743801652892,0.4810848956413435,0.18181818181818188,0.18181818181818188,0.6666666666666666,0.3651483716701107,0.0,0
b000in18nm,http://www.google.com/base/feeds/snippets/16548551216650905466,0.5714285714285714,0.5714285714285714,0.8571428571428571,0.7357672073819591,0.4596622889305816,0.4596622889305816,0.9722222222222222,0.6729347287322336,0.08571428571428574,0.08571428571428574,1.0,0.2927700218845599,0.2512186542037288,0
b000ivkrww,http://www.google.com/base/feeds/snippets/747800619686534084,0.43333333333333335,0.43333333333333335,1.0,0.6582805886043833,0.09375,0.09375,0.7272727272727273,0.26583110414196043,0.10526315789473684,0.10526315789473684,0.6666666666666666,0.2721655269759087,0.9986662220740248,1
b000j1cit6,http://www.google.com/base/feeds/snippets/7937630813831495909,0.5294117647058824,0.5294117647058824,1.0,0.727606875108999,0.015879396984924576,0.015879396984924576,0.9634146341463414,0.12372418597430425,0.1428571428571428,0.1428571428571428,0.3333333333333333,0.2581988897471611,0.9966998899963332,1
b000j6ddrw,http://www.google.com/base/feeds/snippets/18190371164810858934,0.4761904761904762,0.4761904761904762,0.6896551724137931,0.6465081838352359,0.2842465753424658,0.2842465753424658,0.9485714285714286,0.5233053097427628,0.125,0.125,0.6666666666666666,0.2981423969999719,0.8999799959991999,1
b000jz4hqo,http://www.google.com/base/feeds/snippets/171336667164499787,0.3835616438356164,0.3835616438356164,0.5957446808510638,0.5557919118970527,0.011857707509881464,0.011857707509881464,1.0,0.1088931012960942,0.08333333333333337,0.08333333333333337,0.3333333333333333,0.18257418583505536,0.0,0
b000jz4hqo,http://www.google.com/base/feeds/snippets/18433029327616541242,0.4266666666666668,0.4266666666666668,0.6808510638297872,0.6025948617237675,0.0535714285714286,0.0535714285714286,1.0,0.23145502494313785,0.08333333333333337,0.08333333333333337,0.3333333333333333,0.18257418583505536,0.0,0
b000jz4hqo,http://www.google.com/base/feeds/snippets/3437735654737897918,0.4166666666666667,0.4166666666666667,0.6382978723404256,0.5900529432364949,0.04761904761904767,0.04761904761904767,1.0,0.2182178902359924,0.08333333333333337,0.08333333333333337,0.3333333333333333,0.18257418583505536,0.0,0
b000kipk02,http://www.google.com/base/feeds/snippets/3911347389465432711,0.48,0.48,0.9230769230769232,0.6793662204867574,0.152046783625731,0.152046783625731,1.0,0.3899317679104013,0.09999999999999998,0.09999999999999998,0.6666666666666666,0.2649064714130087,0.9938121132570784,1
b000krd3bq,http://www.google.com/base/feeds/snippets/10299611596430222322,0.5283018867924528,0.5283018867924528,0.875,0.7071067811865476,0.136,0.136,0.8629441624365483,0.34633994191733697,0.1428571428571428,0.1428571428571428,0.3333333333333333,0.2581988897471611,0.5501753903294587,1
b000kzf7oo,http://www.google.com/base/feeds/snippets/18395554978346558556,0.5714285714285714,0.5714285714285714,0.7777777777777778,0.7288108888134951,0.019550342130987275,0.019550342130987275,0.9523809523809524,0.13651956644785612,0.05000000000000005,0.05000000000000005,0.3333333333333333,0.13608276348795434,0.5444358315314212,1
b000mti8mq,http://www.google.com/base/feeds/snippets/5408845339376590167,0.8045977011494253,0.8045977011494253,0.9333333333333332,0.8926073982886736,0.16394513389941212,0.16394513389941212,0.9920948616600792,0.4035614912560095,0.11111111111111116,0.11111111111111116,0.3333333333333333,0.2182178902359924,0.8300276675889197,1
b000na1v8w,http://www.google.com/base/feeds/snippets/12662824890153121005,0.7586206896551724,0.7586206896551724,0.9166666666666666,0.8642416214502248,0.15070328198258542,0.15070328198258542,0.9,0.3714064879502688,0.0,0.0,0.0,0.0,0.6119701069449813,1
b000ndib96,http://www.google.com/base/feeds/snippets/9426718267663314434,0.8461538461538461,0.8461538461538461,0.9428571428571428,0.917020523721602,0.02445797287194273,0.02445797287194273,0.9123505976095616,0.14955534380980615,0.1428571428571428,0.1428571428571428,0.3333333333333333,0.2581988897471611,0.9613991014058648,1
b000ndibge,http://www.google.com/base/feeds/snippets/13472653188599800123,0.4117647058823529,0.4117647058823529,0.813953488372093,0.6082588744530993,0.02096854717923113,0.02096854717923113,0.9655172413793104,0.14233996827679407,0.1428571428571428,0.1428571428571428,0.3333333333333333,0.2581988897471611,0.062002002002002,0
b000ndicze,http://www.google.com/base/feeds/snippets/15315731988494931444,0.7692307692307693,0.7692307692307693,1.0,0.8770580193070293,0.0479366402667778,0.0479366402667778,0.9274193548387096,0.2112457826138915,0.1428571428571428,0.1428571428571428,0.3333333333333333,0.2581988897471611,0.9551894352202064,1
b000nkrj0q,http://www.google.com/base/feeds/snippets/12203635138191657547,0.19512195121951206,0.19512195121951206,0.42105263157894735,0.3350831266333564,0.32182320441988943,0.32182320441988943,0.9831223628691984,0.5640472677057148,0.4,0.4,0.6666666666666666,0.5773502691896257,0.4443434343434344,0
b000o231le,http://www.google.com/base/feeds/snippets/9043771553757075875,0.7692307692307693,0.7692307692307693,1.0,0.8770580193070293,0.163412870571222,0.163412870571222,0.9262295081967212,0.3916040731083649,0.1428571428571428,0.1428571428571428,0.3333333333333333,0.2581988897471611,0.9660663138987328,1
b000o27qfq,http://www.google.com/base/feeds/snippets/14054232840925252286,0.6111111111111112,0.6111111111111112,1.0,0.7817359599705715,0.018867924528301886,0.018867924528301886,0.934959349593496,0.13290570813678235,0.1428571428571428,0.1428571428571428,0.3333333333333333,0.2581988897471611,0.9637913959274378,1
b000o27ti0,http://www.google.com/base/feeds/snippets/3621810113236094380,0.6792452830188679,0.6792452830188679,0.8780487804878049,0.8115026712006891,0.019728116710875376,0.019728116710875376,0.9834710743801652,0.13931427531070373,0.1428571428571428,0.1428571428571428,0.3333333333333333,0.2581988897471611,0.9637913959274378,1
b000ogsgzq,http://www.google.com/base/feeds/snippets/18053677474084218860,0.25287356321839083,0.25287356321839083,1.0,0.5028653529707439,0.018678918430368285,0.018678918430368285,1.0,0.13667083972218907,0.1428571428571428,0.1428571428571428,0.3333333333333333,0.2581988897471611,0.9999374217772216,1
b000om7diq,http://www.google.com/base/feeds/snippets/11294551601294188336,0.7419354838709677,0.7419354838709677,1.0,0.8613567692141089,0.023901808785529718,0.023901808785529718,1.0,0.1546020982572025,0.0,0.0,0.0,0.0,0.9666208276034504,1
b000p9cr66,http://www.google.com/base/feeds/snippets/13212739364324191667,0.631578947368421,0.631578947368421,1.0,0.7947194142390263,0.5811138014527845,0.5811138014527845,0.9486166007905138,0.7544335361543179,0.125,0.125,0.6666666666666666,0.2981423969999719,0.90906335253107,1
b000pgvk5s,http://www.google.com/base/feeds/snippets/1872945109493928217,0.3783783783783784,0.3783783783783784,0.9333333333333332,0.6024640760767093,0.022191035874046142,0.022191035874046142,1.0,0.14896655958316996,0.1428571428571428,0.1428571428571428,0.3333333333333333,0.2581988897471611,0.999961508852964,1
b000rlnqcq,http://www.google.com/base/feeds/snippets/11216712001773264822,0.1923076923076923,0.1923076923076923,0.7894736842105263,0.4000355602969987,0.17027417027417024,0.17027417027417024,0.9593495934959352,0.4056348240873609,0.11111111111111116,0.11111111111111116,0.6666666666666666,0.2800560168056019,0.44968121015126894,0
b000rlnqcq,http://www.google.com/base/feeds/snippets/5216140459207502478,0.18987341772151892,0.18987341772151892,0.7894736842105263,0.3973597071195132,0.17984046410442356,0.17984046410442356,0.9880478087649402,0.4219933460824557,0.11111111111111116,0.11111111111111116,0.6666666666666666,0.2800560168056019,0.9994999374921866,0
b000szzpi4,http://www.google.com/base/feeds/snippets/17036928989465404370,0.381578947368421,0.381578947368421,0.935483870967742,0.6054820757280094,0.011904761904761862,0.011904761904761862,1.0,0.10910894511799618,0.125,0.125,0.3333333333333333,0.2357022603955159,0.8284285714285714,1
b000t9luce,http://www.google.com/base/feeds/snippets/10438244455449441805,0.3333333333333333,0.3333333333333333,0.6521739130434783,0.5141933776432956,0.04174350377200331,0.04174350377200331,0.996,0.20392033004591825,0.2222222222222222,0.2222222222222222,0.6666666666666666,0.4082482904638631,0.07475373768688434,0
b000t9luce,http://www.google.com/base/feeds/snippets/12243674671451624208,0.6326530612244898,0.6326530612244898,0.8378378378378378,0.7771889263740452,0.026823134953897758,0.026823134953897758,0.9937888198757764,0.16328196839795514,0.2222222222222222,0.2222222222222222,0.6666666666666666,0.4082482904638631,0.3499674983749187,0
b000t9luce,http://www.google.com/base/feeds/snippets/12874913316093851566,0.3647058823529412,0.3647058823529412,0.8378378378378378,0.5733862657794203,0.04006034193764663,0.04006034193764663,0.991701244813278,0.1993519840205421,0.2222222222222222,0.2222222222222222,0.6666666666666666,0.4082482904638631,0.7279775771694816,0
b000t9luce,http://www.google.com/base/feeds/snippets/12929818547905903048,0.2912621359223301,0.2912621359223301,0.8108108108108109,0.5033670414105182,0.01776437070554715,0.01776437070554715,0.9724770642201837,0.1314691330014368,0.2222222222222222,0.2222222222222222,0.6666666666666666,0.4082482904638631,0.011287104684664857,0
b000t9luce,http://www.google.com/base/feeds/snippets/13121650806282599158,0.3809523809523809,0.3809523809523809,0.8648648648648649,0.5918825969335951,0.0401740877134249,0.0401740877134249,0.96,0.1965497157069092,0.2222222222222222,0.2222222222222222,0.6666666666666666,0.4082482904638631,0.08045402270113505,0
b000t9luce,http://www.google.com/base/feeds/snippets/13237790690836603210,0.368421052631579,0.368421052631579,0.7567567567567568,0.5623669220913737,0.02663762774334056,0.02663762774334056,0.9695121951219512,0.16077050757951827,0.2222222222222222,0.2222222222222222,0.6666666666666666,0.4082482904638631,0.3203119994874752,0
b000t9luce,http://www.google.com/base/feeds/snippets/13636480146796984957,0.45,0.45,0.8571428571428571,0.6457464030007577,0.0414082145850796,0.0414082145850796,0.995967741935484,0.20309643278271816,0.2222222222222222,0.2222222222222222,0.6666666666666666,0.4082482904638631,0.24996249812490626,0
b000t9luce,http://www.google.com/base/feeds/snippets/13796906802854864998,0.5283018867924528,0.5283018867924528,0.7567567567567568,0.6939542359352535,0.042253521126760514,0.042253521126760514,1.0,0.20555661294825955,0.2222222222222222,0.2222222222222222,0.6666666666666666,0.4082482904638631,0.09995499774988748,0
b000t9luce,http://www.google.com/base/feeds/snippets/14721043016787628922,0.3200000000000001,0.3200000000000001,0.5517241379310345,0.4884500086981309,0.04141515761234072,0.04141515761234072,1.0,0.2035071438852718,0.2222222222222222,0.2222222222222222,0.6666666666666666,0.4082482904638631,0.19985999299965,0
b000t9luce,http://www.google.com/base/feeds/snippets/17177110661893930612,0.3043478260869565,0.3043478260869565,0.6086956521739131,0.4799138191337426,0.04090528080469402,0.04090528080469402,0.9959183673469388,0.2018542820432203,0.2222222222222222,0.2222222222222222,0.6666666666666666,0.4082482904638631,0.3499674983749187,0
b000t9luce,http://www.google.com/base/feeds/snippets/17671138018935328875,0.4772727272727273,0.4772727272727273,0.75,0.65243825430126,0.0414082145850796,0.0414082145850796,0.995967741935484,0.20309643278271816,0.2222222222222222,0.2222222222222222,0.6666666666666666,0.4082482904638631,0.3499674983749187,0
b000t9luce,http://www.google.com/base/feeds/snippets/17871729840721789776,0.5964912280701754,0.5964912280701754,0.9189189189189192,0.7606435292425608,0.0005030181086519425,0.0005030181086519425,1.0,0.022428065200812863,0.2222222222222222,0.2222222222222222,0.6666666666666666,0.4082482904638631,0.4610230511525576,0
b000t9luce,http://www.google.com/base/feeds/snippets/17906541299956572072,0.6071428571428571,0.6071428571428571,0.9189189189189192,0.7677858787011462,0.0414082145850796,0.0414082145850796,0.995967741935484,0.20309643278271816,0.2222222222222222,0.2222222222222222,0.6666666666666666,0.4082482904638631,0.5999799989999499,0
b000t9luce,http://www.google.com/base/feeds/snippets/17972913482792910177,0.1428571428571428,0.1428571428571428,0.5454545454545454,0.29740895825796576,0.039718451483157335,0.039718451483157335,0.9875,0.19809517965161905,0.2222222222222222,0.2222222222222222,0.6666666666666666,0.4082482904638631,0.14995749787489376,0
b000t9luce,http://www.google.com/base/feeds/snippets/18375765231096501819,0.2875,0.2875,0.6216216216216216,0.4654306786469029,0.011561662198391387,0.011561662198391387,0.9452054794520548,0.10457282567145296,0.2222222222222222,0.2222222222222222,0.6666666666666666,0.4082482904638631,0.5648782439121955,0
b000t9luce,http://www.google.com/base/feeds/snippets/18388359068656820969,1.0,1.0,1.0,1.0,0.04056319141803555,0.04056319141803555,0.9918032786885246,0.2006095646398424,0.2222222222222222,0.2222222222222222,0.6666666666666666,0.4082482904638631,1.0,1
b000t9luce,http://www.google.com/base/feeds/snippets/18396085441922746096,0.4477611940298507,0.4477611940298507,0.8108108108108109,0.6367145399670133,0.04107292539815588,0.04107292539815588,0.9959349593495936,0.20226917980760686,0.2222222222222222,0.2222222222222222,0.6666666666666666,0.4082482904638631,0.2497624881244062,0
b000t9luce,http://www.google.com/base/feeds/snippets/18405745276041721942,0.372093023255814,0.372093023255814,0.7272727272727273,0.5607997097862253,0.04054959785522794,0.04054959785522794,0.9837398373983741,0.19979241434057493,0.2222222222222222,0.2222222222222222,0.6666666666666666,0.4082482904638631,0.13250662533126656,0
b000t9luce,http://www.google.com/base/feeds/snippets/18409551702230917208,0.4571428571428571,0.4571428571428571,0.8648648648648649,0.6525179122289485,0.019440254734372383,0.019440254734372383,0.9747899159663864,0.13769421394771175,0.2222222222222222,0.2222222222222222,0.6666666666666666,0.4082482904638631,0.6987770789657582,0
b000t9luce,http://www.google.com/base/feeds/snippets/397927407795432372,0.4745762711864408,0.4745762711864408,0.7567567567567568,0.6509867769653879,0.04208584842387664,0.04208584842387664,1.0,0.20514835710742751,0.2222222222222222,0.2222222222222222,0.6666666666666666,0.4082482904638631,0.4000200020002001,0
b000t9luce,http://www.google.com/base/feeds/snippets/5196111013090642318,0.5471698113207547,0.5471698113207547,0.7837837837837838,0.7107074680240142,0.0035199463627221257,0.0035199463627221257,0.9130434782608696,0.05670045700752524,0.2222222222222222,0.2222222222222222,0.6666666666666666,0.4082482904638631,0.9499974998749936,0
b000t9luce,http://www.google.com/base/feeds/snippets/615555263000456990,0.3965517241379311,0.3965517241379311,0.6216216216216216,0.5700338366611011,0.04156192391486513,0.04156192391486513,0.9880478087649402,0.2026963847117212,0.2222222222222222,0.2222222222222222,0.6666666666666666,0.4082482904638631,0.4249712485624281,0
b000tilkq6,http://www.google.com/base/feeds/snippets/5964541247628078613,0.5977011494252874,0.5977011494252874,0.8813559322033898,0.7568892626614566,0.3658170914542729,0.3658170914542729,0.9721115537848606,0.599488695174209,0.058823529411764726,0.058823529411764726,0.3333333333333333,0.14907119849998596,0.0,1
b000ujw3ss,http://www.google.com/base/feeds/snippets/12889229815100404501,0.22352941176470587,0.22352941176470587,0.9047619047619048,0.4550979795270385,0.10106382978723404,0.10106382978723404,0.9047619047619048,0.3040097284669689,0.05000000000000005,0.05000000000000005,0.3333333333333333,0.13608276348795434,0.09701287553648068,0
b000ujw3ss,http://www.google.com/base/feeds/snippets/13218648423238016780,0.16161616161616166,0.16161616161616166,0.7619047619047619,0.36011930928507496,0.07569721115537853,0.07569721115537853,0.9047619047619048,0.26275094098759033,0.05000000000000005,0.05000000000000005,0.3333333333333333,0.13608276348795434,0.2251530758226037,0
b000ujw3ss,http://www.google.com/base/feeds/snippets/16548551216650905466,0.2125,0.2125,0.8095238095238095,0.4255322481734951,0.07058823529411762,0.07058823529411762,0.8571428571428571,0.24743582965269675,0.05000000000000005,0.05000000000000005,0.3333333333333333,0.13608276348795434,0.28467811158798284,0
b000ujw3ss,http://www.google.com/base/feeds/snippets/16978988391209170797,0.2708333333333333,0.2708333333333333,0.6190476190476191,0.4485426135725304,0.0873362445414847,0.0873362445414847,0.9523809523809524,0.28903665650804,0.05000000000000005,0.05000000000000005,0.3333333333333333,0.13608276348795434,0.01209442060085837,0
b000ujw3ss,http://www.google.com/base/feeds/snippets/17079453403984087719,0.288135593220339,0.288135593220339,0.8095238095238095,0.5002164033860247,0.07599999999999996,0.07599999999999996,0.9047619047619048,0.2632801478500043,0.05000000000000005,0.05000000000000005,0.3333333333333333,0.13608276348795434,0.06163662374821172,0
b000ujw3ss,http://www.google.com/base/feeds/snippets/17853905518738313346,0.234375,0.234375,0.7142857142857143,0.4298011912959396,0.07569721115537853,0.07569721115537853,0.9047619047619048,0.26275094098759033,0.05000000000000005,0.05000000000000005,0.3333333333333333,0.13608276348795434,0.007373390557939914,0
b000ujw3ss,http://www.google.com/base/feeds/snippets/18037480601440105621,0.225,0.225,0.8571428571428571,0.4476282581717945,0.0763052208835342,0.0763052208835342,0.9047619047619048,0.2638125652751772,0.05000000000000005,0.05000000000000005,0.3333333333333333,0.13608276348795434,0.004844062947067239,0
b000ujw3ss,http://www.google.com/base/feeds/snippets/18386275313356170584,0.375,0.375,0.5714285714285714,0.546018906231948,0.07692307692307687,0.07692307692307687,0.9047619047619048,0.2648871626574589,0.05000000000000005,0.05000000000000005,0.3333333333333333,0.13608276348795434,0.00657796852646638,0
b000ujw3ss,http://www.google.com/base/feeds/snippets/18389952572089446651,0.2575757575757576,0.2575757575757576,0.8095238095238095,0.4711328961526393,0.4,0.4,0.6666666666666666,0.5773502691896257,0.05000000000000005,0.05000000000000005,0.3333333333333333,0.13608276348795434,0.1233648068669528,0
b000ujw3ss,http://www.google.com/base/feeds/snippets/18400894852843283701,0.2093023255813954,0.2093023255813954,0.4285714285714286,0.3527378107513293,0.3695652173913043,0.3695652173913043,0.8095238095238095,0.5724197752462528,0.4285714285714286,0.4285714285714286,0.75,0.6123724356957945,0.016872675250357655,0
b000ujw3ss,http://www.google.com/base/feeds/snippets/18411606635245588189,0.2098765432098766,0.2098765432098766,0.8095238095238095,0.4227600216066947,0.2456140350877193,0.2456140350877193,0.6666666666666666,0.4320493798938574,0.05000000000000005,0.05000000000000005,0.3333333333333333,0.13608276348795434,0.8298311874105866,0
b000ujw3ss,http://www.google.com/base/feeds/snippets/18427191929555331953,0.2419354838709677,0.2419354838709677,0.7142857142857143,0.4374088826398532,0.21052631578947367,0.21052631578947367,0.3809523809523809,0.34914862437758776,0.05000000000000005,0.05000000000000005,0.3333333333333333,0.13608276348795434,0.017470672389127324,0
b000ujw3ss,http://www.google.com/base/feeds/snippets/4208369660309054934,0.20192307692307687,0.20192307692307687,1.0,0.4493585171364585,0.07509881422924902,0.07509881422924902,0.9047619047619048,0.2617020308482614,0.05000000000000005,0.05000000000000005,0.3333333333333333,0.13608276348795434,0.00800286123032904,0
b000ujw3ss,http://www.google.com/base/feeds/snippets/5408845339376590167,0.2467532467532467,0.2467532467532467,0.9047619047619048,0.4787549991450212,0.07874015748031493,0.07874015748031493,0.9523809523809524,0.27438482430479083,0.05000000000000005,0.05000000000000005,0.3333333333333333,0.13608276348795434,0.07124463519313305,0
b000ujw3ss,http://www.google.com/base/feeds/snippets/8900923119664778651,0.26388888888888884,0.26388888888888884,0.9047619047619048,0.4955585044094361,0.07450980392156857,0.07450980392156857,0.9047619047619048,0.26066558308955123,0.28,0.28,0.5,0.4409585518440984,0.01802288984263233,0
b000ujw3ss,http://www.google.com/base/feeds/snippets/9755705822363275907,0.2266666666666667,0.2266666666666667,0.8095238095238095,0.4402608823571201,0.07407407407407407,0.07407407407407407,0.8571428571428571,0.253546276418555,0.05000000000000005,0.05000000000000005,0.3333333333333333,0.13608276348795434,0.2543633762517883,0
