id_l,id_r,name_ham,name_go,name_js,name_tv,name_oc,name_cs,name_mE,description_js,description_tv,description_oc,description_cs,price_div,label
574,573,0.14035087719298245,0.7805555555555554,0.5245901639344263,0.5245901639344263,0.8888888888888888,0.7064172571013567,0.007694675284703023,0.13372093023255816,0.13372093023255816,1.0,0.36567872543061375,0.0,1
897,562,0.27118644067796616,0.8659574468085107,0.7666666666666667,0.7666666666666667,0.9787234042553191,0.8735402020935491,0.010411951109099093,0.1549893842887473,0.1549893842887473,0.9864864864864865,0.39143357229306974,0.0,1
556,584,0.2033898305084746,0.6564102564102563,0.6065573770491803,0.6065573770491803,0.9487179487179487,0.771335668566404,0.007900028727377162,0.4054054054054055,0.4054054054054055,0.7894736842105263,0.5990422978731538,0.0,1
288,891,0.021739130434782594,0.5263157894736842,0.3125,0.3125,0.5263157894736842,0.4783648732349399,0.007561436672967825,0.015625,0.015625,1.0,0.125,0.78,0
146,627,0.12612612612612617,0.5104166666666666,0.30327868852459017,0.30327868852459017,0.7708333333333334,0.5068968775248517,0.00381462543624711,0.2627986348122867,0.2627986348122867,0.9506172839506173,0.5032679738562091,0.0,0
723,825,0.016393442622950838,0.5404255319148936,0.45945945945945943,0.45945945945945943,0.723404255319149,0.6349873456961798,0.00671862402579948,0.15899581589958156,0.15899581589958156,0.9047619047619048,0.3824943463965569,0.0,0
601,1005,0.06578947368421051,0.5545454545454545,0.46341463414634143,0.46341463414634143,0.8636363636363636,0.6571287406727709,0.01058884297520657,0.009584664536741228,0.009584664536741228,1.0,0.09790129997472563,0.0,1
572,200,0.046875,0.5411764705882354,0.4375,0.4375,0.6862745098039216,0.6126225367622542,0.007881584006151465,0.6227272727272727,0.6227272727272727,0.8616352201257862,0.7721281922314125,1.0,0
611,604,0.1578947368421053,0.7892857142857144,0.6097560975609756,0.6097560975609756,0.8928571428571429,0.7664241743562074,0.011080332409972304,0.1171875,0.1171875,1.0,0.3423265984407289,0.0,1
578,872,0.03508771929824561,0.45454545454545453,0.2676056338028169,0.2676056338028169,0.5757575757575758,0.4380858271151806,0.005078485687903922,0.42465753424657526,0.42465753424657526,0.9253731343283582,0.6378884400138082,0.0,0
145,742,0.08695652173913049,0.591044776119403,0.4722222222222222,0.4722222222222222,0.7611940298507462,0.6495892976936513,0.007017153040766333,0.015000000000000013,0.015000000000000013,1.0,0.12247448713915887,0.0,0
1008,185,0.2676056338028169,0.6875,0.4691358024691358,0.4691358024691358,0.7916666666666666,0.6509292743361551,0.00933159722222221,0.03734439834024894,0.03734439834024894,0.9,0.18371173070873836,1.0,0
1008,224,0.01666666666666672,0.4979166666666666,0.45945945945945943,0.45945945945945943,0.7083333333333334,0.6335525936249404,0.00802951388888884,0.012499999999999956,0.012499999999999956,1.0,0.11180339887498947,1.0,0
434,91,0.34615384615384615,0.7653061224489796,0.6290322580645161,0.6290322580645161,0.7959183673469388,0.7726181304565691,0.007951183431952669,0.1607142857142857,0.1607142857142857,0.8181818181818182,0.3692744729379982,1.0,0
576,896,0.01666666666666672,0.5914893617021276,0.48611111111111116,0.48611111111111116,0.7446808510638298,0.6590881300103708,0.007222222222222241,0.5320754716981132,0.5320754716981132,0.9463087248322147,0.720542192634887,0.0,0
435,735,0.22033898305084743,0.6208333333333332,0.5070422535211268,0.5070422535211268,0.75,0.676481425202546,0.0067509336397586495,0.014851485148514865,0.014851485148514865,1.0,0.12186666955535808,1.0,0
434,2,0.34615384615384615,0.8042553191489361,0.6779661016949152,0.6779661016949152,0.851063829787234,0.809113394062735,0.009060650887574018,0.462962962962963,0.462962962962963,1.0,0.6804138174397716,1.0,1
865,529,0.1159420289855072,0.6632653061224489,0.5128205128205128,0.5128205128205128,0.8163265306122449,0.6879191604901097,0.006616257088846833,0.26490066225165565,0.26490066225165565,0.9411764705882353,0.503503274699574,1.0,0
721,360,0.0,0.49756097560975604,0.32098765432098764,0.32098765432098764,0.6341463414634146,0.49981519127071516,0.009518143961927406,0.01200000000000001,0.01200000000000001,1.0,0.10954451150103317,0.0,0
435,736,0.1694915254237288,0.5514285714285715,0.46875,0.46875,0.8571428571428571,0.6601782722034923,0.007181844297615592,0.23902439024390243,0.23902439024390243,0.9423076923076923,0.4780999777537158,0.45901639344262296,0
752,817,0.10909090909090913,0.5499999999999999,0.4821428571428572,0.4821428571428572,0.9642857142857143,0.6880237084407945,0.0072727272727273196,0.18081180811808117,0.18081180811808117,0.8909090909090909,0.4058745296156653,0.8040182648401827,1
0,88,0.02777777777777779,0.568,0.32608695652173914,0.32608695652173914,0.6,0.5,0.013600000000000056,0.020618556701030966,0.020618556701030966,0.8,0.12876455599593006,0.0,0
720,796,0.013698630136986356,0.6119047619047618,0.4375,0.4375,0.8333333333333334,0.6320944383519236,0.005348095327453506,0.010676156583629859,0.010676156583629859,1.0,0.1033254885477436,0.0,0
4,279,0.09090909090909094,0.529032258064516,0.3650793650793651,0.3650793650793651,0.7419354838709677,0.5570134016509553,0.005950413223140494,0.018181818181818188,0.018181818181818188,1.0,0.13483997249264845,0.6345381526104418,0
77,107,0.16666666666666663,0.6298245614035087,0.6329113924050633,0.6329113924050633,0.8771929824561403,0.7804881763180784,0.008618036318867373,0.020547945205479423,0.020547945205479423,1.0,0.14334554477024897,0.0,1
145,629,0.19402985074626866,0.5925925925925926,0.49382716049382713,0.49382716049382713,0.7407407407407407,0.6650062240717552,0.006571619514368465,0.15270935960591137,0.15270935960591137,0.9117647058823529,0.37593021880631605,0.0,0
31,631,0.33999999999999997,0.77,0.6666666666666666,0.6666666666666666,0.9,0.8049844718999243,0.012187500000000018,0.014285714285714235,0.014285714285714235,1.0,0.11952286093343933,0.0,1
578,683,0.14035087719298245,0.5555555555555555,0.3548387096774194,0.3548387096774194,0.8148148148148148,0.5607940161280398,0.006155740227762441,0.28222996515679444,0.28222996515679444,0.9418604651162791,0.5201292040602777,0.0,0
292,948,0.15909090909090906,0.8500000000000001,0.6170212765957447,0.6170212765957447,0.90625,0.7728525967890878,0.0146484375,0.022624434389140302,0.022624434389140302,1.0,0.1504142093990467,0.41344827586206895,0
578,467,0.07017543859649122,0.5611111111111111,0.4415584415584415,0.4415584415584415,0.6296296296296297,0.6128364798273251,0.006925207756232732,0.3275862068965517,0.3275862068965517,0.9223300970873787,0.5574172941333446,0.0,0
374,327,0.2592592592592593,0.6698113207547169,0.6984126984126984,0.6984126984126984,0.8301886792452831,0.822465826001665,0.009077963688145285,0.014018691588784993,0.014018691588784993,1.0,0.11840055569457875,0.0,1
625,459,0.051948051948051965,0.8550000000000002,0.7125,0.7125,0.95,0.838598088029512,0.008333333333333304,0.009316770186335366,0.009316770186335366,1.0,0.09652341781316798,0.6767994284693696,1
720,340,0.053333333333333344,0.6068493150684932,0.5578947368421052,0.5578947368421052,0.726027397260274,0.7162816211034552,0.005911052730343425,0.010676156583629859,0.010676156583629859,1.0,0.1033254885477436,0.0,0
865,525,0.26086956521739135,0.7958333333333334,0.581081081081081,0.581081081081081,0.8958333333333334,0.7471766503711845,0.007036336904011731,0.3782894736842105,0.3782894736842105,0.9426229508196722,0.604142933965809,0.4767871485943775,0
720,175,0.1417322834645669,0.4986301369863014,0.4084507042253521,0.4084507042253521,0.7945205479452054,0.6023718982372928,0.0060048789641583555,0.010676156583629859,0.010676156583629859,1.0,0.1033254885477436,0.0,0
45,1069,0.1515151515151515,0.7022727272727273,0.5714285714285714,0.5714285714285714,0.9090909090909091,0.7422696190252055,0.01058884297520657,0.008746355685131157,0.008746355685131157,1.0,0.09352195295828247,0.0,1
375,1064,0.10344827586206895,0.6125,0.4626865671641791,0.4626865671641791,0.775,0.6436024688664848,0.007877526753864439,0.012396694214875992,0.012396694214875992,1.0,0.11134044285378086,0.0,1
435,738,0.15254237288135597,0.5125,0.3582089552238805,0.3582089552238805,0.75,0.552344770738994,0.006607296753806335,0.1800947867298578,0.1800947867298578,0.8085106382978723,0.3899949495440893,1.0,0
577,689,0.017857142857142905,0.495,0.352112676056338,0.352112676056338,0.625,0.5282214092053229,0.0054209183673469274,0.008498583569405138,0.008498583569405138,1.0,0.09218776257945027,0.0,0
290,82,0.018867924528301883,0.20588235294117638,0.22807017543859653,0.22807017543859653,0.7647058823529411,0.43309279302430026,0.006763972944108243,0.014778325123152691,0.014778325123152691,1.0,0.12156613477096612,0.07431226765799256,0
144,1030,0.28,0.6621621621621622,0.44999999999999996,0.44999999999999996,0.7297297297297297,0.6277372492166241,0.009600000000000053,0.016216216216216273,0.016216216216216273,1.0,0.12734290799340264,0.0,0
866,558,0.09259259259259256,0.5432432432432431,0.3787878787878788,0.3787878787878788,0.6756756756756757,0.5592967126783536,0.007201646090534974,0.3553398058252427,0.3553398058252427,0.9384615384615385,0.5843187083768311,0.0,0
145,711,0.14925373134328357,0.5399999999999998,0.41666666666666674,0.41666666666666674,0.8571428571428571,0.6195121541733007,0.006460236132769026,0.10784313725490202,0.10784313725490202,0.8461538461538461,0.305085107923876,0.0,0
577,717,0.125,0.5499999999999999,0.4137931034482758,0.4137931034482758,0.9230769230769231,0.628970902033151,0.006855867346938771,0.23661971830985917,0.23661971830985917,0.9767441860465116,0.48210619011718947,0.0,1
292,904,0.03508771929824561,0.496875,0.3088235294117647,0.3088235294117647,0.65625,0.4917075510803893,0.01123046875,0.013574660633484115,0.013574660633484115,1.0,0.11651034560709261,0.1663893510815308,0
723,910,0.032786885245901676,0.4137931034482758,0.32352941176470584,0.32352941176470584,0.7586206896551724,0.5230687378020215,0.006046761623219599,0.3943089430894309,0.3943089430894309,0.8981481481481481,0.60887189153339,0.0,0
723,262,0.032786885245901676,0.523913043478261,0.35443037974683544,0.35443037974683544,0.6086956521739131,0.5285842250437246,0.00550927170115556,0.017021276595744705,0.017021276595744705,1.0,0.1304656146106884,0.0,0
358,162,0.2195121951219512,0.8483870967741935,0.6744186046511628,0.6744186046511628,0.9354838709677419,0.8134394345071608,0.011600237953599102,0.08965517241379306,0.08965517241379306,0.9285714285714286,0.28953301207179305,0.0,1
286,319,0.18518518518518523,0.5833333333333333,0.5,0.5,0.9333333333333333,0.6956655929999346,0.007373113854595381,0.31770833333333326,0.31770833333333326,0.8970588235294118,0.5438630006113876,0.0,1
722,517,0.0,0.5804878048780489,0.3870967741935484,0.3870967741935484,0.5853658536585366,0.5587442366156625,0.007654320987654284,0.41758241758241765,0.41758241758241765,0.95,0.6368814469962913,1.0,0
376,334,0.02631578947368418,0.5967741935483871,0.46808510638297873,0.46808510638297873,0.7096774193548387,0.6409882014228715,0.010041551246537384,0.1351351351351351,0.1351351351351351,1.0,0.3676073110469038,0.3337974683544304,1
16,1060,0.07594936708860756,0.5426666666666667,0.5247524752475248,0.5247524752475248,0.7066666666666667,0.6885439906093288,0.006311111111111156,0.011111111111111072,0.011111111111111072,1.0,0.10540925533894596,0.9951910232433877,0
720,492,0.0273972602739726,0.4388888888888889,0.3292682926829269,0.3292682926829269,0.75,0.5266851623825876,0.0044098329893038635,0.31543624161073824,0.31543624161073824,0.8468468468468469,0.5322469779758506,0.0,0
293,144,0.20370370370370372,0.6885714285714287,0.5892857142857143,0.5892857142857143,0.9428571428571428,0.7590721152765897,0.008401920438957489,0.2808219178082192,0.2808219178082192,0.8541666666666666,0.5019446595462516,0.0,1
157,700,0.15384615384615385,0.7355555555555554,0.6724137931034483,0.6724137931034483,0.8666666666666667,0.806225774829855,0.00887573964497046,0.01538461538461533,0.01538461538461533,1.0,0.12403473458920844,1.0,1
564,739,0.10344827586206895,0.5107142857142858,0.43333333333333335,0.43333333333333335,0.9285714285714286,0.6451791670811046,0.007431629013079699,0.30177514792899407,0.30177514792899407,0.85,0.5205165703414254,0.0,1
722,849,0.0888888888888889,0.5424242424242424,0.368421052631579,0.368421052631579,0.6363636363636364,0.5449492609130662,0.006419753086419733,0.20879120879120883,0.20879120879120883,0.9047619047619048,0.4394899519562637,0.35006251116270765,0
916,995,0.2592592592592593,0.7960784313725492,0.9444444444444444,0.9444444444444444,1.0,0.97182531580755,0.009803921568627416,0.008333333333333304,0.008333333333333304,1.0,0.09128709291752768,0.9812606473594548,1
131,172,0.25531914893617025,0.6741935483870969,0.6595744680851063,0.6595744680851063,1.0,0.8121419014464815,0.00995925758261662,0.016216216216216273,0.016216216216216273,1.0,0.12734290799340264,1.0,1
498,548,0.2222222222222222,0.6202898550724639,0.6060606060606061,0.6060606060606061,0.8695652173913043,0.7613869876268811,0.006931316950220534,0.008746355685131157,0.008746355685131157,1.0,0.09352195295828247,0.0,1
864,987,0.08955223880597019,0.659016393442623,0.5802469135802469,0.5802469135802469,0.7704918032786885,0.7351831404902928,0.007017153040766333,0.3764044943820224,0.3764044943820224,0.8933333333333333,0.5933619733118638,0.14937087014861136,0
642,622,0.12244897959183676,0.7277777777777784,0.5510204081632653,0.5510204081632653,1.0,0.7423074889580903,0.004737609329446113,0.03768844221105527,0.03768844221105527,0.8823529411764706,0.1828181060317826,0.8360431654676258,1
882,575,0.2941176470588235,0.7980000000000002,0.7719298245614035,0.7719298245614035,0.88,0.8713298378194734,0.009227220299884653,0.12771084337349392,0.12771084337349392,0.9464285714285714,0.3489259327116917,0.0,1
720,107,0.0547945205479452,0.5305555555555556,0.4948453608247423,0.4948453608247423,0.6666666666666666,0.6620847108818944,0.006567836367048274,0.010676156583629859,0.010676156583629859,1.0,0.1033254885477436,0.0,0
341,401,0.16666666666666663,0.75,0.5172413793103449,0.5172413793103449,0.75,0.6846531968814576,0.010937500000000044,0.09852216748768472,0.09852216748768472,1.0,0.31388241028717223,0.8450106157112527,1
56,106,0.21739130434782605,0.7999999999999999,0.5833333333333334,0.5833333333333334,0.9333333333333333,0.7537346628814318,0.015555555555555545,0.564625850340136,0.564625850340136,0.7980769230769231,0.7250636787326601,0.6262087362454152,1
1008,859,0.010869565217391353,0.4416666666666666,0.35922330097087385,0.35922330097087385,0.7708333333333334,0.5567845705216825,0.00911458333333337,0.3951612903225806,0.3951612903225806,0.9245283018867925,0.614423081655011,0.27924495627327045,0
576,1002,0.050000000000000044,0.5000000000000003,0.4184397163120568,0.4184397163120568,0.9833333333333333,0.6437427761961775,0.008194444444444393,0.011673151750972721,0.011673151750972721,1.0,0.10804236090984298,0.0,0
867,573,0.013513513513513487,0.41111111111111104,0.25,0.25,0.6111111111111112,0.42624134206067077,0.0040175310445580426,0.0676470588235294,0.0676470588235294,1.0,0.26009048199334284,0.0,0
865,714,0.21739130434782605,0.7625,0.5138888888888888,0.5138888888888888,0.925,0.7042829635548649,0.006826296996429337,0.5115511551155115,0.5115511551155115,0.9627329192546584,0.7088274627873763,0.9163845134697481,0
752,584,0.07272727272727275,0.5794871794871795,0.5161290322580645,0.5161290322580645,0.8205128205128205,0.6909336273400487,0.007933884297520621,0.4429065743944637,0.4429065743944637,0.8421052631578947,0.6377716918175448,1.0,0
1008,925,0.023255813953488413,0.4645833333333333,0.36734693877551017,0.36734693877551017,0.75,0.5603155257282213,0.00868055555555558,0.012499999999999956,0.012499999999999956,1.0,0.11180339887498947,0.22279792746113988,0
152,449,0.1063829787234043,0.5085714285714283,0.3163265306122449,0.3163265306122449,0.8857142857142857,0.5404602339096651,0.0046401086464463726,0.08759124087591241,0.08759124087591241,0.96,0.29050921568102517,0.6721848739495798,0
144,45,0.0,0.45999999999999996,0.29032258064516125,0.29032258064516125,0.6,0.46475800154489,0.006399999999999961,0.346938775510204,0.346938775510204,0.8607594936708861,0.5624831316131166,0.0,0
576,43,0.08333333333333337,0.5779661016949152,0.5256410256410257,0.5256410256410257,0.6949152542372882,0.6890999615891347,0.005833333333333357,0.046511627906976716,0.046511627906976716,0.9230769230769231,0.2076074854228328,0.0,0
0,263,0.027027027027026973,0.22799999999999998,0.25316455696202533,0.25316455696202533,0.8,0.4649905549752771,0.016000000000000014,0.015544041450777257,0.015544041450777257,1.0,0.12467574523850744,0.0,0
92,83,0.15000000000000002,0.6567567567567568,0.4528301886792453,0.4528301886792453,0.6486486486486487,0.6238502938920436,0.012499999999999956,0.06481481481481477,0.06481481481481477,1.0,0.2545875386086578,0.646875,1
1008,3,0.038961038961038974,0.5,0.4044943820224719,0.4044943820224719,0.75,0.592156525463792,0.00933159722222221,0.11290322580645162,0.11290322580645162,0.7777777777777778,0.30123203803835463,1.0,0
560,746,0.3023255813953488,0.7452380952380954,0.9767441860465116,0.9767441860465116,1.0,0.9883036912035246,0.011627906976744207,0.2614840989399294,0.2614840989399294,0.9736842105263158,0.5063744256968481,0.0,1
563,967,0.15517241379310343,0.7714285714285714,0.639344262295082,0.639344262295082,0.9285714285714286,0.79017987601128,0.007580261593341242,0.30678466076696165,0.30678466076696165,0.859504132231405,0.5268812191621518,0.0,1
1011,1037,0.015151515151515138,0.4736842105263157,0.42465753424657526,0.42465753424657526,0.8157894736842105,0.6190103744689256,0.005280073461891632,0.32104121475054237,0.32104121475054237,0.9932885906040269,0.5653139016614843,0.46390882228788516,0
435,725,0.05084745762711862,0.5285714285714286,0.4027777777777778,0.4027777777777778,0.6904761904761905,0.5825689676754732,0.006176386095949393,0.224390243902439,0.224390243902439,0.9387755102040817,0.46236410082276325,0.6203389830508474,0
722,555,0.0,0.5644444444444444,0.36363636363636365,0.36363636363636365,0.5333333333333333,0.5333333333333333,0.00666666666666671,0.2666666666666666,0.2666666666666666,0.96,0.5087989824030528,0.024506126531632907,0
264,465,0.04761904761904767,0.5333333333333333,0.368421052631579,0.368421052631579,0.5833333333333334,0.5400617248673216,0.010030864197530853,0.32644628099173556,0.32644628099173556,0.9186046511627907,0.555704526730882,0.0,0
993,998,0.11764705882352944,0.8147058823529412,0.7894736842105263,0.7894736842105263,0.8823529411764706,0.8823529411764706,0.014705882352941124,0.017142857142857126,0.017142857142857126,1.0,0.1309307341415954,1.0,1
562,710,0.12,0.6321428571428571,0.5294117647058824,0.5294117647058824,0.9642857142857143,0.7216053531635458,0.008399999999999963,0.30718954248366015,0.30718954248366015,0.7833333333333333,0.5128120420545821,0.0,1
767,610,0.28,0.762,0.7241379310344828,0.7241379310344828,0.84,0.84,0.009000000000000008,0.19283746556473824,0.19283746556473824,0.9859154929577465,0.4366310138831724,0.0,1
288,91,0.36734693877551017,0.7999999999999999,0.5833333333333334,0.5833333333333334,0.7608695652173914,0.7372097807744856,0.009451795841209809,0.09743589743589742,0.09743589743589742,0.8636363636363636,0.29234229107591525,1.0,0
587,228,0.23404255319148937,0.7962962962962963,0.5416666666666666,0.5416666666666666,0.9629629629629629,0.7298649982576498,0.009732910819375329,0.032258064516129004,0.032258064516129004,1.0,0.17960530202677494,0.0,1
517,395,0.7105263157894737,0.9074074074074077,0.7105263157894737,0.7105263157894737,1.0,0.8429272304235247,0.011080332409972304,0.27976190476190477,0.27976190476190477,0.9591836734693877,0.5211296386885378,0.3110367892976589,1
32,50,0.2941176470588235,0.6757575757575757,0.9705882352941176,0.9705882352941176,1.0,0.985184366143778,0.014705882352941124,0.24444444444444446,0.24444444444444446,0.9428571428571428,0.4836755088401441,0.0,1
843,807,0.15492957746478875,0.7523076923076922,0.7662337662337663,0.7662337662337663,0.9076923076923077,0.8684926731375503,0.007692307692307665,0.07253886010362698,0.07253886010362698,1.0,0.26933039209050835,0.0,1
347,429,0.1428571428571429,0.7418181818181818,0.6164383561643836,0.6164383561643836,0.8181818181818182,0.7644707871564383,0.0074326026706978965,0.13744075829383884,0.13744075829383884,0.8787878787878788,0.35087777084297,0.0,1
546,581,0.1923076923076923,0.8543478260869566,0.6896551724137931,0.6896551724137931,0.8695652173913043,0.8178608201095308,0.008505917159763343,0.20735785953177255,0.20735785953177255,1.0,0.455365632796078,0.0,1
2,657,0.16279069767441856,0.5318181818181817,0.3265306122448979,0.3265306122448979,0.7272727272727273,0.5202048710098841,0.017561983471074405,0.017142857142857126,0.017142857142857126,0.75,0.11371470653683546,0.9829488465396188,0
470,661,0.10769230769230764,0.8319148936170213,0.5555555555555556,0.5555555555555556,0.851063829787234,0.72369302025194,0.00662721893491125,0.4227941176470589,0.4227941176470589,0.905511811023622,0.6328624175057462,1.0,1
451,495,0.22499999999999998,0.7666666666666666,0.5952380952380952,0.5952380952380952,0.9259259259259259,0.7607257743127307,0.017832647462277085,0.13807531380753135,0.13807531380753135,1.0,0.37158486757069564,0.0,1
896,931,0.2941176470588235,0.7666666666666667,0.7288135593220338,0.7288135593220338,0.8431372549019608,0.8431372549019608,0.00884275278738944,0.09090909090909094,0.09090909090909094,0.96875,0.297198933178356,0.0,1
1045,328,0.19672131147540983,0.7254901960784313,0.6,0.6,0.8235294117647058,0.753007470562703,0.009227220299884653,0.019867549668874163,0.019867549668874163,1.0,0.14095229572048185,0.0,1
865,597,0.1325301204819277,0.5681159420289854,0.4476190476190476,0.4476190476190476,0.6811594202898551,0.6210610116277907,0.006721277042638141,0.43137254901960786,0.43137254901960786,0.9361702127659575,0.645039262462529,1.0,0
720,167,0.0273972602739726,0.5583333333333331,0.345679012345679,0.345679012345679,0.7777777777777778,0.5461920202486094,0.005066616626008602,0.18309859154929575,0.18309859154929575,0.9454545454545454,0.41828167544483796,0.0,0
436,62,0.051724137931034475,0.5153846153846154,0.3857142857142857,0.3857142857142857,0.6923076923076923,0.567698130267093,0.008026159334126093,0.014925373134328401,0.014925373134328401,1.0,0.12216944435630528,0.7306889352818371,0
0,948,0.022727272727272707,0.504,0.2777777777777778,0.2777777777777778,0.6,0.4522670168666454,0.012800000000000034,0.020618556701030966,0.020618556701030966,0.8,0.12876455599593006,0.0,0
267,344,0.2153846153846154,0.7642857142857145,0.8059701492537313,0.8059701492537313,0.9642857142857143,0.8950412845779244,0.008769132653061229,0.01132075471698113,0.01132075471698113,1.0,0.10639903531978634,0.8420930232558139,1
721,607,0.0,0.5390243902439025,0.3870967741935484,0.3870967741935484,0.5853658536585366,0.5587442366156625,0.009220701963117195,0.5037878787878788,0.5037878787878788,0.9047619047619048,0.6937819061732104,0.0,0
436,741,0.22413793103448276,0.6088235294117645,0.3939393939393939,0.3939393939393939,0.7647058823529411,0.5854905538443584,0.006391200951248566,0.23645320197044328,0.23645320197044328,0.96,0.47880448133166387,0.6378547253319449,0
435,360,0.0,0.5508474576271186,0.4204545454545454,0.4204545454545454,0.6271186440677966,0.5929304449793936,0.007181844297615592,0.014851485148514865,0.014851485148514865,1.0,0.12186666955535808,1.0,0
220,310,0.1578947368421053,0.613953488372093,0.6129032258064516,0.6129032258064516,0.8837209302325582,0.767559305084438,0.005678745267712282,0.008333333333333304,0.008333333333333304,1.0,0.09128709291752768,0.0,1
668,665,0.2063492063492064,0.753968253968254,0.7746478873239436,0.7746478873239436,0.873015873015873,0.873015873015873,0.007936507936507908,0.10204081632653061,0.10204081632653061,1.0,0.31943828249996997,0.0,1
578,826,0.043010752688172005,0.4771929824561403,0.41509433962264153,0.41509433962264153,0.7719298245614035,0.6043294718489081,0.007386888273314907,0.010638297872340385,0.010638297872340385,1.0,0.10314212462587935,0.0,0
1034,924,0.07692307692307687,0.6536585365853662,0.5256410256410257,0.5256410256410257,1.0,0.7250110520819842,0.012195121951219523,0.09836065573770492,0.09836065573770492,0.9473684210526315,0.30609766073314604,0.9228203906622202,1
578,674,0.14035087719298245,0.6166666666666667,0.5245901639344263,0.5245901639344263,0.8888888888888888,0.7064172571013567,0.007386888273314907,0.33333333333333326,0.33333333333333326,0.9411764705882353,0.56603931014178,0.0,0
769,816,0.20370370370370372,0.8574468085106383,0.6031746031746031,0.6031746031746031,0.8085106382978723,0.7542890232888573,0.007716049382716084,0.31858407079646023,0.31858407079646023,0.9863013698630136,0.5617975065414267,0.9615384615384615,1
295,169,0.29508196721311475,0.6880952380952381,0.609375,0.609375,0.9285714285714286,0.7705042602012596,0.011904761904761862,0.027027027027026973,0.027027027027026973,0.8571428571428571,0.15254785085427636,0.0,0
867,604,0.013513513513513487,0.3285714285714284,0.2592592592592593,0.2592592592592593,0.75,0.4613435139219342,0.004200146092038004,0.044117647058823484,0.044117647058823484,1.0,0.21004201260420152,0.0,0
578,1005,0.052631578947368474,0.5245614035087719,0.5113636363636364,0.5113636363636364,0.7894736842105263,0.6837042661456095,0.007694675284703023,0.010638297872340385,0.010638297872340385,1.0,0.10314212462587935,0.0,0
46,209,0.022727272727272707,0.590625,0.5833333333333334,0.5833333333333334,0.875,0.7462025072446364,0.0146484375,0.015075376884422065,0.015075376884422065,1.0,0.12278182636050872,0.0,1
147,621,0.1460674157303371,0.5444444444444444,0.5052631578947369,0.5052631578947369,0.8888888888888888,0.6923877158526648,0.00479737406893066,0.09205020920502094,0.09205020920502094,0.88,0.28641560415781253,0.0,0
577,644,0.017857142857142905,0.5529411764705883,0.4657534246575342,0.4657534246575342,0.6666666666666666,0.6362090102803518,0.007015306122448939,0.008498583569405138,0.008498583569405138,1.0,0.09218776257945027,0.0,0
1012,637,0.024390243902439046,0.5296296296296296,0.3877551020408163,0.3877551020408163,0.7037037037037037,0.5710574352893738,0.008625817965496774,0.39301310043668125,0.39301310043668125,0.9183673469387755,0.6115519210557782,0.0,0
289,1058,0.04166666666666663,0.5228571428571429,0.30487804878048785,0.30487804878048785,0.7142857142857143,0.4980119205559974,0.006172839506172867,0.01382488479262678,0.01382488479262678,1.0,0.11757927025044312,0.0,0
145,628,0.16417910447761197,0.5399999999999998,0.43661971830985913,0.43661971830985913,0.8857142857142857,0.6401625593124107,0.006794386277567344,0.15270935960591137,0.15270935960591137,0.9117647058823529,0.37593021880631605,0.0,0
103,201,0.11290322580645162,0.7377777777777779,0.5970149253731343,0.5970149253731343,0.8888888888888888,0.7572824456627532,0.007414151925077994,0.020408163265306145,0.020408163265306145,1.0,0.1428571428571428,1.0,1
256,296,0.17460317460317465,0.680357142857143,0.7,0.7,0.875,0.8249579113843055,0.008450255102040782,0.22891566265060237,0.22891566265060237,0.926829268292683,0.4648339778500904,0.0,1
173,330,0.13461538461538458,0.6880952380952381,0.5932203389830508,0.5932203389830508,0.8333333333333334,0.7489308618940975,0.00887573964497046,0.06382978723404253,0.06382978723404253,0.9,0.24053511772118197,1.0,1
289,345,0.25,0.8138461538461539,0.611764705882353,0.611764705882353,0.8,0.7601169500660919,0.006462191358024727,0.01382488479262678,0.01382488479262678,1.0,0.11757927025044312,0.0,0
1,767,0.037735849056603765,0.4178571428571428,0.24615384615384617,0.24615384615384617,0.5714285714285714,0.415339305320932,0.004627981488074084,0.01449275362318836,0.01449275362318836,1.0,0.12038585308576921,1.0,0
298,412,0.078125,0.5764705882352941,0.3855421686746988,0.3855421686746988,0.6274509803921569,0.5601120336112039,0.00865051903114189,0.009287925696594423,0.009287925696594423,1.0,0.09637388493048538,0.0,1
646,1019,0.09333333333333338,0.7862068965517243,0.6625,0.6625,0.9137931034482759,0.8035839261936376,0.006488888888888877,0.01038062283737029,0.01038062283737029,1.0,0.10188534162169871,0.0,1
359,304,0.1428571428571429,0.615,0.5737704918032787,0.5737704918032787,0.875,0.739509972887452,0.007653061224489832,0.03289473684210531,0.03289473684210531,1.0,0.18136906252750296,1.0,1
577,724,0.017857142857142905,0.5490566037735849,0.4155844155844156,0.4155844155844156,0.6037735849056604,0.5873784785714818,0.00605867346938771,0.008498583569405138,0.008498583569405138,1.0,0.09218776257945027,0.0,0
1,849,0.05660377358490565,0.5999999999999999,0.34375,0.34375,0.6666666666666666,0.5260509098446915,0.006941972232111127,0.19711538461538458,0.19711538461538458,0.9761904761904762,0.43971779225998775,0.7016290726817043,0
433,100,0.32183908045977017,0.6358974358974363,0.3695652173913043,0.3695652173913043,0.8717948717948718,0.5836963629745521,0.012491781722550943,0.03875968992248058,0.03875968992248058,1.0,0.19687480773953947,0.8810572687224669,0
3,750,0.14634146341463417,0.70625,0.43137254901960786,0.43137254901960786,0.6875,0.607373393411656,0.01171875,0.4084507042253521,0.4084507042253521,0.71900826446281,0.5911532097219857,0.0,0
576,945,0.15000000000000002,0.6576271186440679,0.7,0.7,0.8305084745762712,0.8235584906796976,0.008055555555555594,0.4427480916030535,0.4427480916030535,0.9586776859504132,0.6578073812728129,0.0,0
158,204,0.15217391304347827,0.7125,0.6226415094339622,0.6226415094339622,0.825,0.7693164667982589,0.009215500945179533,0.01200000000000001,0.01200000000000001,1.0,0.10954451150103317,0.997134670487106,1
720,786,0.136986301369863,0.8162790697674424,0.589041095890411,0.589041095890411,1.0,0.7674901275524076,0.005817226496528383,0.010676156583629859,0.010676156583629859,1.0,0.1033254885477436,0.0,1
723,683,0.049180327868852514,0.3703703703703703,0.2941176470588236,0.2941176470588236,0.7407407407407407,0.49281418063638194,0.0057780166621875795,0.35443037974683544,0.35443037974683544,0.9767441860465116,0.5908756993087859,0.0,0
608,685,0.09999999999999998,0.6229508196721313,0.5132743362831859,0.5132743362831859,0.9508196721311475,0.7080545753465268,0.008062348830959465,0.009966777408637828,0.009966777408637828,1.0,0.0998337488459583,0.0,1
435,148,0.22033898305084743,0.6480769230769231,0.5416666666666666,0.5416666666666666,0.75,0.7041041910572658,0.0067509336397586495,0.4225352112676056,0.4225352112676056,0.8910891089108911,0.6300951515523692,1.0,0
1009,859,0.08695652173913049,0.5489795918367346,0.46875,0.46875,0.9183673469387755,0.6702249023263117,0.00999583506872137,0.6083916083916084,0.6083916083916084,0.8207547169811321,0.7588491943841064,0.0,0
772,792,0.24,0.8673913043478262,0.7454545454545455,0.7454545454545455,0.8913043478260869,0.8549090976340066,0.010396975425330801,0.08510638297872342,0.08510638297872342,1.0,0.2917299829957891,0.0,1
433,84,0.07894736842105265,0.5205128205128206,0.3529411764705883,0.3529411764705883,0.7692307692307693,0.5510387687779837,0.011505588428665336,0.03875968992248058,0.03875968992248058,1.0,0.19687480773953947,0.837257980115123,0
147,138,0.1460674157303371,0.5153846153846153,0.4222222222222223,0.4222222222222223,0.9743589743589743,0.6449949135383539,0.005112990783991966,0.5291666666666667,0.5291666666666667,0.9694656488549618,0.7222907808170514,0.0,0
147,137,0.1235955056179775,0.5195652173913042,0.42105263157894735,0.42105263157894735,0.8695652173913043,0.6251526437927266,0.004923620754955227,0.09205020920502094,0.09205020920502094,0.88,0.28641560415781253,0.0,0
432,87,0.16216216216216217,0.7621621621621623,0.574468085106383,0.574468085106383,0.7297297297297297,0.7297297297297297,0.012783053323593863,0.04761904761904767,0.04761904761904767,1.0,0.21821789023599236,0.874375,0
941,976,0.27586206896551724,0.8204081632653062,0.6984126984126984,0.6984126984126984,0.8979591836734694,0.8253547208325418,0.008472057074910833,0.4535714285714285,0.4535714285714285,0.9548872180451128,0.6652771682191991,0.0,1
1047,1059,0.20967741935483875,0.7357142857142857,0.7352941176470589,0.7352941176470589,0.8928571428571429,0.8485552916276634,0.007674297606659719,0.009063444108761365,0.009063444108761365,1.0,0.09520212239630654,0.0,1
432,100,0.10344827586206895,0.602702702702703,0.40909090909090917,0.40909090909090917,0.972972972972973,0.634515174016967,0.013148283418553675,0.03968253968253965,0.03968253968253965,1.0,0.19920476822239896,0.8810572687224669,0
289,175,0.2913385826771654,0.6361111111111116,0.4850746268656716,0.4850746268656716,0.9027777777777778,0.6797437888996718,0.0063657407407407,0.01382488479262678,0.01382488479262678,1.0,0.11757927025044312,0.0,0
606,560,0.125,0.5657894736842104,0.59375,0.59375,1.0,0.7705517503711221,0.0074462890625,0.35416666666666674,0.35416666666666674,0.9315068493150684,0.5820049513425961,0.0,1
435,998,0.016949152542372836,0.5058823529411764,0.3880597014925373,0.3880597014925373,0.7647058823529411,0.5805075648958384,0.0067509336397586495,0.014851485148514865,0.014851485148514865,1.0,0.12186666955535808,1.0,0
869,422,0.01754385964912286,0.5377777777777778,0.4571428571428571,0.4571428571428571,0.7111111111111111,0.6318388029430319,0.009382716049382678,0.01572327044025157,0.01572327044025157,1.0,0.12539246564387985,1.0,0
1013,454,0.037735849056603765,0.5608695652173913,0.3943661971830985,0.3943661971830985,0.6086956521739131,0.5670758869197674,0.006229975080099703,0.008746355685131157,0.008746355685131157,1.0,0.09352195295828247,0.37873952083067364,0
9,176,0.22916666666666663,0.7083333333333335,0.75,0.75,1.0,0.8660254037844386,0.009765625,0.19186046511627908,0.19186046511627908,0.9428571428571428,0.4278144575444285,0.0,1
865,890,0.10144927536231885,0.5944444444444444,0.36363636363636365,0.36363636363636365,0.7777777777777778,0.5618006477335896,0.005881117412308345,0.15436241610738255,0.15436241610738255,0.9787234042553191,0.38934148235791954,0.09225639125602075,0
293,74,0.07407407407407407,0.5871794871794871,0.3880597014925373,0.3880597014925373,0.6666666666666666,0.5665577237325317,0.007030178326474568,0.15000000000000002,0.15000000000000002,0.9545454545454546,0.37975242356660344,0.0,0
582,687,0.0,0.3541666666666665,0.3125,0.3125,0.8333333333333334,0.5270462766947299,0.005277777777777826,0.04166666666666663,0.04166666666666663,1.0,0.20412414523193156,0.0,0
5,610,0.0,0.4931034482758621,0.3389830508474576,0.3389830508474576,0.6896551724137931,0.5252257314388902,0.015457788347205681,0.3782051282051282,0.3782051282051282,0.8309859154929577,0.5835009819453112,1.0,0
245,212,0.06557377049180324,0.6909090909090909,0.47887323943661975,0.47887323943661975,0.7727272727272727,0.6562777210098555,0.006987368986831499,0.009463722397476393,0.009463722397476393,1.0,0.0972816652688282,0.0,1
1010,392,0.13953488372093026,0.6264705882352941,0.42592592592592593,0.42592592592592593,0.6764705882352942,0.6015256481108326,0.008923742563547887,0.5056818181818182,0.5056818181818182,0.7876106194690266,0.6790925888966572,0.0,0
0,917,0.012499999999999956,-0.42399999999999766,0.15625,0.15625,1.0,0.3952847075210475,0.020000000000000018,0.015544041450777257,0.015544041450777257,1.0,0.12467574523850744,0.0,0
655,794,0.12244897959183676,0.6947368421052631,0.6415094339622641,0.6415094339622641,0.8947368421052632,0.7879326169208467,0.012465373961218829,0.012499999999999956,0.012499999999999956,1.0,0.11180339887498947,0.0,1
593,504,0.14473684210526316,0.7806451612903227,0.8157894736842105,0.8157894736842105,1.0,0.9032106474595009,0.0064058171745152714,0.07770270270270274,0.07770270270270274,0.92,0.2682774480191099,0.0,1
578,871,0.03508771929824561,0.5431818181818181,0.3648648648648649,0.3648648648648649,0.6136363636363636,0.5391380680858384,0.005694059710680155,0.40753424657534243,0.40753424657534243,0.9224806201550387,0.6239180530117194,0.0,0
507,600,0.33333333333333337,0.6722222222222222,0.6666666666666666,0.6666666666666666,1.0,0.816496580927726,0.008230452674897082,0.12925170068027214,0.12925170068027214,0.8837209302325582,0.3408791572140575,0.0,1
0,83,0.05405405405405406,0.56,0.29166666666666674,0.29166666666666674,0.56,0.46031716445500037,0.012800000000000034,0.03626943005181349,0.03626943005181349,1.0,0.1904453466268301,0.0,0
475,619,0.17021276595744683,0.9148936170212766,0.7735849056603774,0.7735849056603774,0.8723404255319149,0.8723404255319149,0.010411951109099093,0.011111111111111072,0.011111111111111072,1.0,0.10540925533894596,0.0,1
589,644,0.21568627450980393,0.7020000000000001,0.6833333333333333,0.6833333333333333,0.82,0.811920985240873,0.009199999999999986,0.015075376884422065,0.015075376884422065,1.0,0.12278182636050872,0.0,1
0,203,0.022222222222222254,0.556,0.34615384615384615,0.34615384615384615,0.72,0.5366563145999496,0.016000000000000014,0.015544041450777257,0.015544041450777257,1.0,0.12467574523850744,0.0,0
146,626,0.1351351351351351,0.6698412698412702,0.4871794871794872,0.4871794871794872,0.9047619047619048,0.6816212031674664,0.0041392744095446465,0.07876712328767121,0.07876712328767121,0.8846153846153846,0.26533359459871964,0.0,0
289,342,0.2674418604651163,0.6638888888888891,0.6631578947368421,0.6631578947368421,0.875,0.8006174942461746,0.006847993827160503,0.01382488479262678,0.01382488479262678,1.0,0.11757927025044312,0.0,0
1009,649,0.08510638297872342,0.5448979591836735,0.4444444444444444,0.4444444444444444,0.8979591836734694,0.648321926219813,0.009787588504789668,0.553030303030303,0.553030303030303,0.9012345679012346,0.7283992804419204,0.0,0
723,703,0.016393442622950838,0.4789473684210526,0.33783783783783783,0.33783783783783783,0.6578947368421053,0.51925811549658,0.004971781779091633,0.3983402489626555,0.3983402489626555,0.9411764705882353,0.6200649971986314,0.0,0
722,535,0.0444444444444444,0.5103448275862069,0.4509803921568627,0.4509803921568627,0.7931034482758621,0.6366820122120065,0.008148148148148127,0.21787709497206698,0.21787709497206698,0.975,0.46219432656147774,1.0,0
283,520,0.28125,0.690625,0.6,0.6,0.75,0.75,0.01416015625,0.015075376884422065,0.015075376884422065,1.0,0.12278182636050872,0.8517741935483871,1
0,937,0.0714285714285714,0.44799999999999995,0.28846153846153844,0.28846153846153844,0.6,0.4629100498862757,0.013600000000000056,0.015544041450777257,0.015544041450777257,1.0,0.12467574523850744,0.0,0
850,956,0.1578947368421053,0.6472222222222221,0.631578947368421,0.631578947368421,1.0,0.7947194142390263,0.007848568790397081,0.17708333333333337,0.17708333333333337,0.8831168831168831,0.4001731227088198,0.0,1
1009,386,0.0847457627118644,0.6346938775510205,0.5211267605633803,0.5211267605633803,0.7551020408163265,0.6881413866129261,0.009579341940857966,0.16935483870967738,0.16935483870967738,1.0,0.41152744587655077,0.0,0
145,621,0.17910447761194026,0.5925925925925926,0.47560975609756095,0.47560975609756095,0.7222222222222222,0.6483810684699614,0.006794386277567344,0.10837438423645318,0.10837438423645318,0.88,0.3111269837220809,0.0,0
234,476,0.14492753623188404,0.6121951219512194,0.4285714285714286,0.4285714285714286,0.8048780487804879,0.6204366813009299,0.006196177273682046,0.012711864406779627,0.012711864406779627,1.0,0.11274690420042432,0.06249140571285705,0
2,33,0.17647058823529416,0.7636363636363637,0.5135135135135135,0.5135135135135135,0.8636363636363636,0.6947088029207741,0.01962809917355368,0.5282258064516129,0.5282258064516129,0.7528735632183908,0.6936170194468892,1.0,1
581,828,0.050000000000000044,0.6166666666666666,0.46153846153846156,0.46153846153846156,0.6666666666666666,0.6324555320336759,0.007638888888888862,0.1308724832214765,0.1308724832214765,0.9069767441860465,0.3468619921174704,0.0,0
865,463,0.1159420289855072,0.6108108108108108,0.37662337662337664,0.37662337662337664,0.7837837837837838,0.5739480576625674,0.005881117412308345,0.1505016722408027,0.1505016722408027,0.9574468085106383,0.3808775370892692,0.16369840048912293,0
576,593,0.06666666666666665,0.5830188679245283,0.547945205479452,0.547945205479452,0.7547169811320755,0.7093269021319086,0.006805555555555509,0.4653846153846154,0.4653846153846154,0.9758064516129032,0.6778099909512344,0.0,0
290,340,0.040000000000000036,0.630188679245283,0.4545454545454546,0.4545454545454546,0.7547169811320755,0.6344412685745153,0.008543965824136746,0.014778325123152691,0.014778325123152691,1.0,0.12156613477096612,1.0,0
624,747,0.26,0.7250000000000001,0.88,0.88,1.0,0.938083151964686,0.009600000000000053,0.41201716738197425,0.41201716738197425,0.9504950495049505,0.6326202983597833,0.0,1
1010,425,0.040000000000000036,0.5837209302325582,0.5,0.5,0.7209302325581395,0.6685631938613181,0.009464575446187173,0.026548672566371723,0.026548672566371723,1.0,0.1629376339780706,0.0,0
3,198,0.18181818181818177,0.671875,0.5833333333333334,0.5833333333333334,0.875,0.7462025072446364,0.0146484375,0.35789473684210527,0.35789473684210527,0.8607594936708861,0.571832522116252,0.0,0
290,175,0.023622047244094446,0.42830188679245274,0.34328358208955223,0.34328358208955223,0.8679245283018868,0.5606838365619128,0.008721965112139518,0.014778325123152691,0.014778325123152691,1.0,0.12156613477096612,1.0,0
618,848,0.2222222222222222,0.7272727272727276,0.6984126984126984,0.6984126984126984,1.0,0.835710894037345,0.0074326026706978965,0.2971246006389776,0.2971246006389776,0.9587628865979382,0.5371775346506591,0.0,1
829,909,0.1527777777777778,0.7564102564102567,0.5416666666666666,0.5416666666666666,1.0,0.7359800721939873,0.00665509259259256,0.2959641255605381,0.2959641255605381,0.88,0.5209624450561465,0.8278787878787878,1
400,449,0.1298701298701299,0.6114285714285712,0.4545454545454546,0.4545454545454546,1.0,0.674199862463242,0.006071850227694409,0.09913793103448276,0.09913793103448276,0.92,0.30331501776206204,0.0,1
73,903,0.01666666666666672,0.5863636363636364,0.5294117647058824,0.5294117647058824,0.8181818181818182,0.7006490497453707,0.010330578512396715,0.012195121951219523,0.012195121951219523,1.0,0.11043152607484652,0.9528715365239295,1
577,1046,0.125,0.7368421052631579,0.4920634920634921,0.4920634920634921,0.8157894736842105,0.6720102263811929,0.007174744897959218,0.20113314447592068,0.20113314447592068,1.0,0.44847870013627267,0.0,0
759,519,0.05555555555555558,0.7066666666666667,0.5272727272727272,0.5272727272727272,0.9666666666666667,0.7205107927499322,0.007544581618655677,0.01538461538461533,0.01538461538461533,1.0,0.12403473458920844,0.0,1
867,1057,0.05405405405405406,0.5181818181818182,0.44329896907216493,0.44329896907216493,0.6515151515151515,0.6152910925595532,0.005569758948137382,0.008823529411764675,0.008823529411764675,1.0,0.09393364366277246,0.0,0
859,839,0.13461538461538458,0.9083333333333333,0.7543859649122807,0.7543859649122807,0.8958333333333334,0.8606888267023434,0.00998263888888884,0.0071770334928229484,0.0071770334928229484,1.0,0.08471737420873571,0.0,1
957,950,0.6739130434782609,0.8333333333333334,0.6545454545454545,0.6545454545454545,0.8,0.7912565680749445,0.010633270321361077,0.03508771929824561,0.03508771929824561,1.0,0.18731716231633877,0.0,1
786,615,0.21311475409836067,0.7346153846153847,0.7121212121212122,0.7121212121212122,0.9038461538461539,0.8345094684684111,0.007659231389411492,0.5739910313901345,0.5739910313901345,0.9922480620155039,0.7563775450868713,0.0,1
293,711,0.20370370370370372,0.6171428571428571,0.5084745762711864,0.5084745762711864,0.8571428571428571,0.6900655593423543,0.008230452674897082,0.15384615384615385,0.15384615384615385,0.8461538461538461,0.3659557764628234,0.0,0
288,907,0.021739130434782594,0.5421052631578948,0.19999999999999996,0.19999999999999996,0.368421052631579,0.33485541126445795,0.004962192816635125,0.015625,0.015625,1.0,0.125,1.0,0
146,331,0.14414414414414412,0.575,0.4051724137931034,0.4051724137931034,0.9038461538461539,0.6186352986288712,0.0041392744095446465,0.20415224913494812,0.20415224913494812,1.0,0.45183210281580044,0.0,0
145,1018,0.05970149253731338,0.5465517241379311,0.38888888888888884,0.38888888888888884,0.603448275862069,0.5614571880008281,0.006237469369570037,0.015000000000000013,0.015000000000000013,1.0,0.12247448713915887,0.0,0
1014,17,0.18965517241379315,0.6381818181818182,0.46753246753246747,0.46753246753246747,0.6545454545454545,0.63739280861686,0.007438016528925617,0.029268292682926855,0.029268292682926855,1.0,0.17107978455366035,1.0,0
336,383,0.2622950819672131,0.7520000000000002,0.5857142857142857,0.5857142857142857,0.82,0.7423931175486519,0.0075248589088954265,0.0625,0.0625,0.8823529411764706,0.2358187428639038,0.0,1
613,625,0.13265306122448983,0.4999999999999998,0.3571428571428572,0.3571428571428572,1.0,0.5976143046671968,0.0046855476884631875,0.08443271767810023,0.08443271767810023,0.9411764705882353,0.28264404819660416,0.0,1
146,620,0.10810810810810811,0.6518518518518523,0.4224137931034483,0.4224137931034483,0.9074074074074074,0.6329038109385716,0.003976949922895878,0.07534246575342463,0.07534246575342463,0.88,0.2588235294117647,0.0,0
473,1051,0.1842105263157895,0.767741935483871,0.5333333333333333,0.5333333333333333,0.7741935483870968,0.699259856097678,0.011080332409972304,0.24255319148936172,0.24255319148936172,0.6951219512195121,0.434368459016252,0.9667676767676767,1
653,671,0.17525773195876293,0.6262295081967215,0.5339805825242718,0.5339805825242718,0.9016393442622951,0.7150096526954676,0.007793603869927446,0.008474576271186418,0.008474576271186418,1.0,0.09205746178983232,0.0,1
433,85,0.07228915662650603,0.48461538461538456,0.32608695652173914,0.32608695652173914,0.7692307692307693,0.5272904491779212,0.011505588428665336,0.03875968992248058,0.03875968992248058,1.0,0.19687480773953947,0.874375,1
3,191,0.19999999999999996,0.815625,0.675,0.675,0.84375,0.8067793113007157,0.01416015625,0.22043010752688175,0.22043010752688175,0.8541666666666666,0.4423201483021557,0.0,0
434,26,0.2857142857142857,0.8288461538461539,0.6197183098591549,0.6197183098591549,0.8461538461538461,0.7687422135960734,0.00887573964497046,0.288135593220339,0.288135593220339,0.7727272727272727,0.4932200252078105,1.0,0
454,499,0.13636363636363635,0.6432432432432432,0.4464285714285714,0.4464285714285714,0.6756756756756757,0.6196019963707621,0.01058884297520657,0.17989417989417988,0.17989417989417988,1.0,0.42413934018690114,0.0,1
95,87,0.5348837209302326,0.7702702702702704,0.5686274509803921,0.5686274509803921,0.7837837837837838,0.7270477053176553,0.01108707409410492,0.053097345132743334,0.053097345132743334,1.0,0.23042861179277052,0.874375,1
866,492,0.0,0.4833333333333333,0.32352941176470584,0.32352941176470584,0.6111111111111112,0.4989701327891659,0.004801097393689946,0.2086614173228346,0.2086614173228346,0.954954954954955,0.44860115079597995,0.0,0
291,379,0.14925373134328357,0.8175438596491229,0.7714285714285715,0.7714285714285715,0.9473684210526315,0.8738138633107518,0.0073513031855647615,0.20175438596491224,0.20175438596491224,0.9387755102040817,0.4380952380952381,1.0,1
512,536,0.12903225806451613,0.5441176470588234,0.476923076923077,0.476923076923077,0.9117647058823529,0.6751906048969998,0.00715400624349638,0.19713261648745517,0.19713261648745517,1.0,0.4439961897217759,0.0,1
1012,599,0.04878048780487809,0.5486486486486487,0.4716981132075472,0.4716981132075472,0.6756756756756757,0.641870207453871,0.009220701963117195,0.09375,0.09375,0.875,0.2883483941000722,0.0,0
433,98,0.07964601769911506,0.4666666666666667,0.3217391304347825,0.3217391304347825,0.9487179487179487,0.5573528148306801,0.012820512820512775,0.03875968992248058,0.03875968992248058,1.0,0.19687480773953947,1.0,0
33,195,0.125,0.7634146341463415,0.7450980392156863,0.7450980392156863,0.926829268292683,0.8565861529340606,0.012195121951219523,0.013392857142857095,0.013392857142857095,1.0,0.11572751247156887,0.8140427387701701,1
337,687,0.08163265306122447,0.6583333333333332,0.4897959183673469,0.4897959183673469,1.0,0.6998542122237651,0.00895460224906286,0.0531400966183575,0.0531400966183575,0.9166666666666666,0.22124244634501067,1.0,1
290,107,0.0,0.5716981132075472,0.47058823529411764,0.47058823529411764,0.7547169811320755,0.6475239082381761,0.009433962264150941,0.014778325123152691,0.014778325123152691,1.0,0.12156613477096612,1.0,0
146,138,0.1351351351351351,0.4102564102564102,0.3392857142857143,0.3392857142857143,0.9743589743589743,0.5775502866109008,0.004098693287882482,0.4383561643835616,0.4383561643835616,0.9770992366412213,0.6578477603094874,0.0,1
1046,294,0.07462686567164178,0.7830508474576272,0.726027397260274,0.726027397260274,0.8983050847457628,0.8429706665416259,0.006905769659166894,0.15408805031446537,0.15408805031446537,1.0,0.39254050786443107,0.7249484536082473,1
432,949,0.13953488372093026,0.7621621621621623,0.5384615384615384,0.5384615384615384,0.7567567567567568,0.7019770947894602,0.01241782322863405,0.031746031746031744,0.031746031746031744,1.0,0.17817416127494956,0.749375,0
292,191,0.05714285714285716,0.565625,0.36734693877551017,0.36734693877551017,0.5625,0.5378528742004771,0.01123046875,0.16956521739130437,0.16956521739130437,0.8125,0.3786586232230509,1.0,0
274,390,0.2857142857142857,0.7449999999999999,0.7115384615384616,0.7115384615384616,0.925,0.8357448101873575,0.009579341940857966,0.13157894736842102,0.13157894736842102,1.0,0.3627381250550059,0.0,1
787,505,0.20967741935483875,0.7405405405405407,0.5967741935483871,0.5967741935483871,1.0,0.772511613859874,0.007804370447450526,0.09859154929577463,0.09859154929577463,0.9655172413793104,0.30907637830742574,0.9449816605535178,1
146,449,0.12612612612612617,0.3599999999999998,0.2807017543859649,0.2807017543859649,0.9142857142857143,0.5133983478526821,0.0040175310445580426,0.07534246575342463,0.07534246575342463,0.88,0.2588235294117647,0.0,0
11,35,0.21818181818181814,0.6249999999999999,0.5,0.5,0.90625,0.6912603772030544,0.008264462809917328,0.25984251968503935,0.25984251968503935,0.9428571428571428,0.49891310437217995,0.0,1
146,756,0.018018018018018056,0.12413793103448299,0.21739130434782605,0.21739130434782605,0.8620689655172413,0.44063553751178264,0.0025566106647187947,0.01038062283737029,0.01038062283737029,1.0,0.10188534162169871,0.0,0
1008,121,0.15000000000000002,0.6375,0.5,0.5,0.75,0.6708203932499369,0.00911458333333337,0.012499999999999956,0.012499999999999956,1.0,0.11180339887498947,0.5182804339092004,0
294,847,0.19444444444444442,0.6357142857142856,0.7777777777777778,0.7777777777777778,1.0,0.8819171036881969,0.01388888888888884,0.014018691588784993,0.014018691588784993,1.0,0.11840055569457875,0.0,1
937,934,0.24489795918367352,0.6595238095238095,0.75,0.75,0.9285714285714286,0.8596900926459407,0.009371095376926264,0.3945578231292517,0.3945578231292517,0.9747899159663865,0.6233586840465861,0.0,1
603,510,0.25,0.7057142857142857,0.5106382978723404,0.5106382978723404,0.6857142857142857,0.6761234037828132,0.01041666666666663,0.022222222222222254,0.022222222222222254,1.0,0.14907119849998596,1.0,1
730,763,0.04225352112676062,0.06153846153846111,0.18309859154929575,0.18309859154929575,1.0,0.42790021213981166,0.004562586788335654,0.008797653958944274,0.008797653958944274,1.0,0.09379580992210834,0.0,1
865,951,0.12643678160919536,0.553623188405797,0.4579439252336448,0.4579439252336448,0.7101449275362319,0.6324291923409324,0.006721277042638141,0.35973597359735976,0.35973597359735976,0.9478260869565217,0.5897926459754051,0.214677380418664,0
289,1064,0.06944444444444442,0.6125,0.36585365853658536,0.36585365853658536,0.75,0.5590169943749475,0.005979938271604923,0.01382488479262678,0.01382488479262678,1.0,0.11757927025044312,0.0,0
147,449,0.1235955056179775,0.44857142857142845,0.34782608695652173,0.34782608695652173,0.9142857142857143,0.5733514997059729,0.004734250725918487,0.09205020920502094,0.09205020920502094,0.88,0.28641560415781253,0.0,0
151,87,0.016129032258064502,0.5351351351351351,0.4347826086956521,0.4347826086956521,0.8108108108108109,0.6263607679944925,0.0066337148803330415,0.045112781954887216,0.045112781954887216,1.0,0.21239769762143657,0.4824137931034483,0
1009,247,0.2857142857142857,0.7847826086956522,0.5833333333333334,0.5833333333333334,0.7608695652173914,0.7372097807744856,0.008746355685131157,0.16935483870967738,0.16935483870967738,1.0,0.41152744587655077,0.0,0
640,693,0.18181818181818177,0.6638888888888889,0.6666666666666666,0.6666666666666666,0.8888888888888888,0.8040302522073697,0.009297520661157077,0.016042780748663055,0.016042780748663055,1.0,0.1266600992762248,0.0,1
576,985,0.07462686567164178,0.5066666666666666,0.4370370370370371,0.4370370370370371,0.9833333333333333,0.657997111699569,0.008194444444444393,0.011673151750972721,0.011673151750972721,1.0,0.10804236090984298,0.0,0
147,504,0.1460674157303371,0.5645161290322581,0.5729166666666666,0.5729166666666666,0.8870967741935484,0.7404092595940723,0.004923620754955227,0.09205020920502094,0.09205020920502094,0.88,0.28641560415781253,0.0,0
146,295,0.12612612612612617,0.5964285714285716,0.43965517241379315,0.43965517241379315,0.9107142857142857,0.6468665190255972,0.003936368801233714,0.12627986348122866,0.12627986348122866,0.9024390243902439,0.33990759940461324,0.0,0
687,771,0.061224489795918324,0.7804878048780489,0.6071428571428571,0.6071428571428571,0.8292682926829268,0.7585582720303723,0.008329862557267753,0.014705882352941124,0.014705882352941124,1.0,0.12126781251816654,0.0,1
455,498,0.17021276595744683,0.6897435897435897,0.48275862068965525,0.48275862068965525,0.717948717948718,0.6539985702138724,0.009732910819375329,0.13469387755102047,0.13469387755102047,1.0,0.36700664510471803,0.0,1
866,1037,0.0,0.5789473684210527,0.46031746031746024,0.46031746031746024,0.7631578947368421,0.6401906392481045,0.006687242798353865,0.2834645669291338,0.2834645669291338,0.9664429530201343,0.5259995412218579,0.0,0
819,688,0.04166666666666663,0.6264705882352941,0.5471698113207547,0.5471698113207547,0.8529411764705882,0.7178569686580889,0.00846354166666663,0.01041666666666663,0.01041666666666663,1.0,0.10206207261596578,0.0,1
720,385,0.013698630136986356,0.5857142857142856,0.45569620253164556,0.45569620253164556,0.8571428571428571,0.6501542794476929,0.005254269093638575,0.010676156583629859,0.010676156583629859,1.0,0.1033254885477436,0.0,0
288,168,0.033333333333333326,0.5391304347826087,0.452054794520548,0.452054794520548,0.717391304347826,0.6281442647921768,0.009215500945179533,0.4258373205741627,0.4258373205741627,0.839622641509434,0.6238590214273994,1.0,0
629,556,0.24242424242424243,0.780952380952381,0.8169014084507042,0.8169014084507042,0.9206349206349206,0.8994680700518551,0.007575757575757569,0.011235955056179803,0.011235955056179803,1.0,0.10599978800063603,0.7975197519751976,1
472,728,0.11764705882352944,0.7791666666666669,0.5466666666666666,0.5466666666666666,0.8541666666666666,0.717643543064355,0.0058391003460207536,0.21076233183856496,0.21076233183856496,0.94,0.44812741694542835,0.8019047619047619,1
864,628,0.07462686567164178,0.43142857142857144,0.36,0.36,0.7714285714285715,0.5575609387559707,0.006794386277567344,0.17919075144508667,0.17919075144508667,0.9117647058823529,0.4077535723676087,1.0,0
864,942,0.07462686567164178,0.5296296296296297,0.40697674418604657,0.40697674418604657,0.6481481481481481,0.5818804460627859,0.006348852751169476,0.01764705882352946,0.01764705882352946,1.0,0.13284223283101426,1.0,0
762,629,0.1558441558441559,0.7685185185185188,0.7012987012987013,0.7012987012987013,1.0,0.8374357893586237,0.006071850227694409,0.11764705882352944,0.11764705882352944,0.9411764705882353,0.33398628857874635,0.0,1
147,139,0.1348314606741573,0.47027027027027024,0.4157303370786517,0.4157303370786517,1.0,0.6447715386698235,0.005112990783991966,0.23728813559322037,0.23728813559322037,1.0,0.48712230044745475,0.0,1
433,88,0.3076923076923077,0.8361111111111111,0.6304347826086957,0.6304347826086957,0.8055555555555556,0.7739527433912545,0.011834319526627168,0.03875968992248058,0.03875968992248058,1.0,0.19687480773953947,1.0,0
674,751,0.038461538461538436,0.40740740740740733,0.2804878048780488,0.2804878048780488,0.8518518518518519,0.5011856786864703,0.0039447731755424265,0.008450704225352101,0.008450704225352101,1.0,0.0919277119553843,0.0,1
722,750,0.0444444444444444,0.6780487804878049,0.48275862068965525,0.48275862068965525,0.6829268292682927,0.6518682760516064,0.008395061728395103,0.48756218905472637,0.48756218905472637,0.8099173553719008,0.6677645956508584,0.8775071633237822,0
382,559,0.140625,0.6189655172413793,0.5641025641025641,0.5641025641025641,0.7586206896551724,0.722185380728474,0.007282996432818045,0.008595988538681931,0.008595988538681931,1.0,0.092714554082312,0.7234268537074149,1
3,864,0.13043478260869568,0.671875,0.3928571428571428,0.3928571428571428,0.6875,0.5734146386569556,0.01123046875,0.3913043478260869,0.3913043478260869,0.7431192660550459,0.5798895124509559,0.0,0
1008,490,0.13432835820895528,0.6354166666666666,0.49350649350649345,0.49350649350649345,0.7916666666666666,0.6700783350656684,0.00889756944444442,0.19166666666666665,0.19166666666666665,1.0,0.4377975178854565,0.7167064836935385,0
445,892,0.1333333333333333,0.7580645161290327,0.6888888888888889,0.6888888888888889,1.0,0.8299933065325822,0.00987654320987652,0.06501547987616096,0.06501547987616096,1.0,0.25498133240721954,0.7739568345323741,1
1006,711,0.1428571428571429,0.5942857142857141,0.41666666666666674,0.41666666666666674,1.0,0.6454972243679028,0.005527210884353706,0.07453416149068326,0.07453416149068326,0.9230769230769231,0.26311740579210885,1.0,1
757,897,0.1351351351351351,0.6176470588235294,0.6904761904761905,0.6904761904761905,0.8529411764705882,0.8176316179301714,0.01241782322863405,0.3448275862068966,0.3448275862068966,0.8602150537634409,0.5605656157792333,0.6144692737430167,1
723,668,0.06557377049180324,0.46388888888888885,0.3661971830985915,0.3661971830985915,0.7222222222222222,0.554826479709216,0.00671862402579948,0.44999999999999996,0.44999999999999996,0.9557522123893806,0.6627513218621395,0.0,0
310,392,0.09999999999999998,0.6235294117647059,0.5409836065573771,0.5409836065573771,0.9705882352941176,0.7306322805705786,0.007361111111111152,0.6593406593406593,0.6593406593406593,0.8,0.7947194142390264,0.0,1
506,598,0.30952380952380953,0.6388888888888888,0.7333333333333333,0.7333333333333333,0.9166666666666666,0.8486684247915055,0.011054421768707523,0.130281690140845,0.130281690140845,0.8809523809523809,0.34180229720877753,0.0,1
576,642,0.1166666666666667,0.7120000000000001,0.6666666666666666,0.6666666666666666,0.88,0.8033264176742436,0.008055555555555594,0.3307392996108949,0.3307392996108949,1.0,0.5750993823774244,0.0,1
577,782,0.1428571428571429,0.5372093023255814,0.3943661971830985,0.3943661971830985,0.6511627906976745,0.5705974021574557,0.006536989795918324,0.031161473087818692,0.031161473087818692,1.0,0.1765261257939421,0.0,0
0,53,0.17142857142857137,0.544,0.7142857142857143,0.7142857142857143,1.0,0.8451542547285166,0.020000000000000018,0.015544041450777257,0.015544041450777257,1.0,0.12467574523850744,0.0,1
432,97,0.21153846153846156,0.7864864864864866,0.6181818181818182,0.6181818181818182,0.918918918918919,0.7751332793988405,0.013513513513513487,0.10317460317460314,0.10317460317460314,1.0,0.3212080372198105,0.874375,0
720,766,0.1095890410958904,0.739473684210527,0.48,0.48,0.9473684210526315,0.6835169242415182,0.005441921561268548,0.010676156583629859,0.010676156583629859,1.0,0.1033254885477436,0.0,0
994,1060,0.19999999999999996,0.7810126582278482,0.673469387755102,0.673469387755102,0.8354430379746836,0.8054172503325737,0.0057439446366781555,0.007894736842105288,0.007894736842105288,1.0,0.08885233166386386,0.8364245810055866,1
146,34,0.09009009009009006,0.2562499999999998,0.2654867256637168,0.2654867256637168,0.9375,0.5033670414105182,0.0034899764629494623,0.07534246575342463,0.07534246575342463,0.88,0.2588235294117647,0.0,0
333,743,0.02197802197802201,0.6068181818181818,0.5982142857142857,0.5982142857142857,0.7613636363636364,0.7487085117483543,0.00555268595041325,0.012295081967213073,0.012295081967213073,1.0,0.11088319064318597,0.0,1
720,797,0.0821917808219178,0.7916666666666671,0.6133333333333333,0.6133333333333333,0.9583333333333334,0.7770979851594089,0.005723400262713452,0.010676156583629859,0.010676156583629859,1.0,0.1033254885477436,0.0,0
0,949,0.023255813953488413,0.52,0.3076923076923077,0.3076923076923077,0.64,0.487995425064335,0.014399999999999968,0.020725388601036232,0.020725388601036232,1.0,0.14396315014973893,0.0,0
144,827,0.12,0.5808510638297872,0.3857142857142857,0.3857142857142857,0.574468085106383,0.5569674729797485,0.00880000000000003,0.106951871657754,0.106951871657754,0.9090909090909091,0.31349656821103844,0.0,0
1008,375,0.4375,0.7891304347826086,0.6206896551724138,0.6206896551724138,0.782608695652174,0.7661308776828738,0.00911458333333337,0.10833333333333339,0.10833333333333339,1.0,0.3291402943021917,1.0,0
577,840,0.0535714285714286,0.5269230769230769,0.3846153846153846,0.3846153846153846,0.5769230769230769,0.5559369874958259,0.007015306122448939,0.008498583569405138,0.008498583569405138,1.0,0.09218776257945027,0.0,0
418,320,0.16666666666666663,0.8600000000000002,0.625,0.625,1.0,0.7905694150420948,0.0078125,0.22459893048128343,0.22459893048128343,0.9767441860465116,0.4696329830673056,1.0,1
715,766,0.07999999999999996,0.6263157894736842,0.5714285714285714,0.5714285714285714,0.8421052631578947,0.7341303483857976,0.008199999999999985,0.013215859030836996,0.013215859030836996,1.0,0.11496024978590214,0.0,1
145,138,0.16417910447761197,0.5564102564102563,0.41333333333333333,0.41333333333333333,0.7948717948717948,0.6064457948612227,0.006348852751169476,0.5395348837209303,0.5395348837209303,0.8854961832061069,0.7166503933296499,0.0,0
1012,541,0.3414634146341463,0.703125,0.6590909090909091,0.6590909090909091,0.90625,0.8006285640426374,0.01100535395597857,0.2807017543859649,0.2807017543859649,0.9014084507042254,0.5109220696837351,0.0,0
552,586,0.13580246913580252,0.526470588235294,0.4024390243902439,0.4024390243902439,0.9705882352941176,0.6288281455225324,0.0055631763450693095,0.3954154727793696,0.3954154727793696,0.8313253012048193,0.5978228713964435,0.0,1
1061,1049,0.08139534883720934,0.4857142857142857,0.40697674418604657,0.40697674418604657,1.0,0.637947289504428,0.004799891833423442,0.13812154696132595,0.13812154696132595,1.0,0.37164707312358314,0.8993987975951904,1
865,111,0.1159420289855072,0.5644444444444444,0.42500000000000004,0.42500000000000004,0.7555555555555555,0.6101661556659209,0.005881117412308345,0.12080536912751683,0.12080536912751683,0.972972972972973,0.34341828421928544,0.7619277108433735,0
275,852,0.11864406779661019,0.521875,0.467741935483871,0.467741935483871,0.90625,0.6674165979762845,0.007038207411663278,0.37873754152823924,0.37873754152823924,0.9193548387096774,0.6001330082038064,0.0,1
864,161,0.03157894736842104,0.5194029850746268,0.4862385321100917,0.4862385321100917,0.7910447761194029,0.664318987537957,0.007017153040766333,0.01764705882352946,0.01764705882352946,1.0,0.13284223283101426,1.0,0
580,598,0.03508771929824561,0.5083333333333333,0.4307692307692308,0.4307692307692308,0.7777777777777778,0.6181150999636871,0.006925207756232732,0.13,0.13,0.9285714285714286,0.3491899510776648,0.0,0
277,508,0.21052631578947367,0.6772727272727271,0.5789473684210527,0.5789473684210527,1.0,0.760885910252682,0.010387811634348987,0.04593639575971731,0.04593639575971731,1.0,0.21432777645400358,0.6291056910569105,1
509,580,0.13084112149532712,0.6950819672131151,0.5135135135135135,0.5135135135135135,0.9344262295081968,0.7055341655157276,0.008062348830959465,0.014218009478673022,0.014218009478673022,1.0,0.11923929502757469,0.0,1
722,746,0.06666666666666665,0.5547619047619048,0.42622950819672134,0.42622950819672134,0.6190476190476191,0.598056818096707,0.00790123456790126,0.3879781420765027,0.3879781420765027,0.9342105263157895,0.6104379868403066,1.0,0
723,739,0.032786885245901676,0.49642857142857144,0.3088235294117647,0.3088235294117647,0.75,0.5081306144206186,0.0059123891427035336,0.375968992248062,0.375968992248062,0.8083333333333333,0.5776265941501512,0.0,0
583,732,0.09090909090909094,0.5483333333333332,0.4722222222222222,0.4722222222222222,0.85,0.6617241025372945,0.007777777777777772,0.01038062283737029,0.01038062283737029,1.0,0.10188534162169871,0.0,0
141,933,0.34285714285714286,0.7915254237288137,0.7432432432432432,0.7432432432432432,0.9322033898305084,0.855830310623031,0.006938775510204054,0.28828828828828823,0.28828828828828823,0.8888888888888888,0.5155927941576872,0.0,1
329,57,0.18965517241379315,0.6361111111111111,0.6206896551724138,0.6206896551724138,1.0,0.7878385971583353,0.008026159334126093,0.17098445595854916,0.17098445595854916,0.9428571428571428,0.40361122314242204,1.0,1
